13:55:00,0,0,0,0,0,0,0,0,0,0.0,0,0,0,0,0
13:55:01,0,0,0,0,0,0,0,0,0,0.0,0,0,0,0,0
13:55:02,0,0,0,0,0,0,0,0,0,0.0,0,0,0,0,0
13:55:03,0,0,0,0,0,0,0,0,0,0.0,0,0,0,0,0
13:55:04,0,0,0,0,0,0,0,0,0,0.0,0,0,0,0,0
13:55:05,0,0,0,0,0,0,0,0,0,0.0,0,0,0,0,0
13:55:06,0,0,0,0,0,0,0,0,0,0.0,0,0,0,0,0
13:55:07,0,0,0,0,0,0,0,0,0,0.0,0,0,0,0,0
13:55:08,29,3,8,15,4,6,32,0,0,0.0,0,0,13,11,5
13:55:09,0,0,0,0,0,0,0,0,0,0.0,0,0,0,0,0
13:55:10,0,0,0,0,0,0,0,0,0,0.0,0,0,0,0,0
13:55:11,0,0,0,0,0,0,0,0,0,0.0,0,0,0,0,0
13:55:12,0,0,0,0,0,0,0,0,0,0.0,0,0,0,0,0
13:55:13,0,0,0,0,0,0,0,0,0,0.0,0,0,0,0,0
13:55:14,0,0,0,0,0,0,0,0,0,0.0,0,0,0,0,0
13:55:15,0,0,0,0,0,0,0,0,0,0.0,0,0,0,0,0
13:55:16,0,0,0,0,0,0,0,0,0,0.0,0,0,0,0,0
13:55:17,0,0,0,0,0,0,0,0,0,0.0,0,0,0,0,0
13:55:18,0,0,0,0,0,0,0,0,0,0.0,0,0,0,0,0
13:55:19,0,0,0,0,0,0,0,0,0,0.0,0,0,0,0,0
13:55:20,0,0,0,0,0,0,0,0,0,0.0,0,0,0,0,0
13:55:21,0,0,0,0,0,0,0,0,0,0.0,0,0,0,0,0
13:55:22,0,0,0,0,0,0,0,0,0,0.0,0,0,0,0,0
13:55:23,0,0,0,0,0,0,0,0,0,0.0,0,0,0,0,0
13:55:24,0,0,0,0,0,0,0,0,0,0.0,0,0,0,0,0
13:55:25,0,0,0,0,0,0,0,0,0,0.0,0,0,0,0,0
13:55:26,0,0,0,0,0,0,0,0,0,0.0,0,0,0,0,0
13:55:27,0,0,0,0,0,0,0,0,0,0.0,0,0,0,0,0
13:55:28,0,0,0,0,0,0,0,0,0,0.0,0,0,0,0,0
13:55:29,0,0,0,0,0,0,0,0,0,0.0,0,0,0,0,0
13:55:30,0,0,0,0,0,0,0,0,0,0.0,0,0,0,0,0
13:55:31,0,0,0,0,0,0,0,0,0,0.0,0,0,0,0,0
13:55:32,0,0,0,0,0,0,0,0,0,0.0,0,0,0,0,0
13:55:33,0,0,0,0,0,0,0,0,0,0.0,0,0,0,0,0
13:55:34,0,0,0,0,0,0,0,0,0,0.0,0,0,0,0,0
13:55:35,0,0,0,0,0,0,0,0,0,0.0,0,0,0,0,0
13:55:36,0,0,0,0,0,0,0,0,0,0.0,0,0,0,0,0
13:55:37,0,0,0,0,0,0,0,0,0,0.0,0,0,0,0,0
13:55:38,51,3,26,14,4,6,28,0,1,0.037037037037,1,1,4,41,6
13:55:39,0,0,0,0,0,0,0,0,0,0.0,0,0,0,0,0
13:55:40,0,0,0,0,0,0,0,0,0,0.0,0,0,0,0,0
13:55:41,0,0,0,0,0,0,0,0,0,0.0,0,0,0,0,0
13:55:42,0,0,0,0,0,0,0,0,0,0.0,0,0,0,0,0
13:55:43,0,0,0,0,0,0,0,0,0,0.0,0,0,0,0,0
13:55:44,0,0,0,0,0,0,0,0,0,0.0,0,0,0,0,0
13:55:45,0,0,0,0,0,0,0,0,0,0.0,0,0,0,0,0
13:55:46,0,0,0,0,0,0,0,0,0,0.0,0,0,0,0,0
13:55:47,0,0,0,0,0,0,0,0,0,0.0,0,0,0,0,0
13:55:48,0,0,0,0,0,0,0,0,0,0.0,0,0,0,0,0
13:55:49,0,0,0,0,0,0,0,0,0,0.0,0,0,0,0,0
13:55:50,0,0,0,0,0,0,0,0,0,0.0,0,0,0,0,0
13:55:51,0,0,0,0,0,0,0,0,0,0.0,0,0,0,0,0
13:55:52,0,0,0,0,0,0,0,0,0,0.0,0,0,0,0,0
13:55:53,0,0,0,0,0,0,0,0,0,0.0,0,0,0,0,0
13:55:54,0,0,0,0,0,0,0,0,0,0.0,0,0,0,0,0
13:55:55,0,0,0,0,0,0,0,0,0,0.0,0,0,0,0,0
13:55:56,0,0,0,0,0,0,0,0,0,0.0,0,0,0,0,0
13:55:57,0,0,0,0,0,0,0,0,0,0.0,0,0,0,0,0
13:55:58,0,0,0,0,0,0,0,0,0,0.0,0,0,0,0,0
13:55:59,0,0,0,0,0,0,0,0,0,0.0,0,0,0,0,0
13:56:00,0,0,0,0,0,0,0,0,0,0.0,0,0,0,0,0
13:56:01,0,0,0,0,0,0,0,0,0,0.0,0,0,0,0,0
13:56:02,0,0,0,0,0,0,0,0,0,0.0,0,0,0,0,0
13:56:03,0,0,0,0,0,0,0,0,0,0.0,0,0,0,0,0
13:56:04,0,0,0,0,0,0,0,0,0,0.0,0,0,0,0,0
13:56:05,0,0,0,0,0,0,0,0,0,0.0,0,0,0,0,0
13:56:06,0,0,0,0,0,0,0,0,0,0.0,0,0,0,0,0
13:56:07,0,0,0,0,0,0,0,0,0,0.0,0,0,0,0,0
13:56:08,0,0,0,0,0,0,0,0,0,0.0,0,0,0,0,0
13:56:09,0,0,0,0,0,0,0,0,0,0.0,0,0,0,0,0
13:56:10,45,3,24,9,4,6,23,0,0,0.08,2,1,5,39,1
13:56:11,0,0,0,0,0,0,0,0,0,0.0,0,0,0,0,0
13:56:12,0,0,0,0,0,0,0,0,0,0.0,0,0,0,0,0
13:56:13,0,0,0,0,0,0,0,0,0,0.0,0,0,0,0,0
13:56:14,0,0,0,0,0,0,0,0,0,0.0,0,0,0,0,0
13:56:15,0,0,0,0,0,0,0,0,0,0.0,0,0,0,0,0
13:56:16,0,0,0,0,0,0,0,0,0,0.0,0,0,0,0,0
13:56:17,0,0,0,0,0,0,0,0,0,0.0,0,0,0,0,0
13:56:18,0,0,0,0,0,0,0,0,0,0.0,0,0,0,0,0
13:56:19,0,0,0,0,0,0,0,0,0,0.0,0,0,0,0,0
13:56:20,0,0,0,0,0,0,0,0,0,0.0,0,0,0,0,0
13:56:21,0,0,0,0,0,0,0,0,0,0.0,0,0,0,0,0
13:56:22,0,0,0,0,0,0,0,0,0,0.0,0,0,0,0,0
13:56:23,0,0,0,0,0,0,0,0,0,0.0,0,0,0,0,0
13:56:24,0,0,0,0,0,0,0,0,0,0.0,0,0,0,0,0
13:56:25,0,0,0,0,0,0,0,0,0,0.0,0,0,0,0,0
13:56:26,0,0,0,0,0,0,0,0,0,0.0,0,0,0,0,0
13:56:27,0,0,0,0,0,0,0,0,0,0.0,0,0,0,0,0
13:56:28,0,0,0,0,0,0,0,0,0,0.0,0,0,0,0,0
13:56:29,0,0,0,0,0,0,0,0,0,0.0,0,0,0,0,0
13:56:30,0,0,0,0,0,0,0,0,0,0.0,0,0,0,0,0
13:56:31,0,0,0,0,0,0,0,0,0,0.0,0,0,0,0,0
13:56:32,0,0,0,0,0,0,0,0,0,0.0,0,0,0,0,0
13:56:33,0,0,0,0,0,0,0,0,0,0.0,0,0,0,0,0
13:56:34,0,0,0,0,0,0,0,0,0,0.0,0,0,0,0,0
13:56:35,0,0,0,0,0,0,0,0,0,0.0,0,0,0,0,0
13:56:36,0,0,0,0,0,0,0,0,0,0.0,0,0,0,0,0
13:56:37,0,0,0,0,0,0,0,0,0,0.0,0,0,0,0,0
13:56:38,0,0,0,0,0,0,0,0,0,0.0,0,0,0,0,0
13:56:39,0,0,0,0,0,0,0,0,0,0.0,0,0,0,0,0
13:56:40,385,21,318,14,4,7,206,9,6,0.24251497006,8,18,53,327,5
13:56:41,0,0,0,0,0,0,0,0,0,0.0,0,0,0,0,0
13:56:42,0,0,0,0,0,0,0,0,0,0.0,0,0,0,0,0
13:56:43,0,0,0,0,0,0,0,0,0,0.0,0,0,0,0,0
13:56:44,0,0,0,0,0,0,0,0,0,0.0,0,0,0,0,0
13:56:45,0,0,0,0,0,0,0,0,0,0.0,0,0,0,0,0
13:56:46,0,0,0,0,0,0,0,0,0,0.0,0,0,0,0,0
13:56:47,0,0,0,0,0,0,0,0,0,0.0,0,0,0,0,0
13:56:48,0,0,0,0,0,0,0,0,0,0.0,0,0,0,0,0
13:56:49,0,0,0,0,0,0,0,0,0,0.0,0,0,0,0,0
13:56:50,0,0,0,0,0,0,0,0,0,0.0,0,0,0,0,0
13:56:51,0,0,0,0,0,0,0,0,0,0.0,0,0,0,0,0
13:56:52,0,0,0,0,0,0,0,0,0,0.0,0,0,0,0,0
13:56:53,0,0,0,0,0,0,0,0,0,0.0,0,0,0,0,0
13:56:54,0,0,0,0,0,0,0,0,0,0.0,0,0,0,0,0
13:56:55,0,0,0,0,0,0,0,0,0,0.0,0,0,0,0,0
13:56:56,0,0,0,0,0,0,0,0,0,0.0,0,0,0,0,0
13:56:57,0,0,0,0,0,0,0,0,0,0.0,0,0,0,0,0
13:56:58,0,0,0,0,0,0,0,0,0,0.0,0,0,0,0,0
13:56:59,0,0,0,0,0,0,0,0,0,0.0,0,0,0,0,0
13:57:00,0,0,0,0,0,0,0,0,0,0.0,0,0,0,0,0
13:57:01,0,0,0,0,0,0,0,0,0,0.0,0,0,0,0,0
13:57:02,0,0,0,0,0,0,0,0,0,0.0,0,0,0,0,0
13:57:03,0,0,0,0,0,0,0,0,0,0.0,0,0,0,0,0
13:57:04,0,0,0,0,0,0,0,0,0,0.0,0,0,0,0,0
13:57:05,0,0,0,0,0,0,0,0,0,0.0,0,0,0,0,0
13:57:06,0,0,0,0,0,0,0,0,0,0.0,0,0,0,0,0
13:57:07,0,0,0,0,0,0,0,0,0,0.0,0,0,0,0,0
13:57:08,0,0,0,0,0,0,0,0,0,0.0,0,0,0,0,0
13:57:09,0,0,0,0,0,0,0,0,0,0.0,0,0,0,0,0
13:57:10,0,0,0,0,0,0,0,0,0,0.0,0,0,0,0,0
13:57:11,97,3,55,15,4,7,228,8,4,0.830769230769,10,12,14,82,1
13:57:12,0,0,0,0,0,0,0,0,0,0.0,0,0,0,0,0
13:57:13,0,0,0,0,0,0,0,0,0,0.0,0,0,0,0,0
13:57:14,0,0,0,0,0,0,0,0,0,0.0,0,0,0,0,0
13:57:15,0,0,0,0,0,0,0,0,0,0.0,0,0,0,0,0
13:57:16,0,0,0,0,0,0,0,0,0,0.0,0,0,0,0,0
13:57:17,0,0,0,0,0,0,0,0,0,0.0,0,0,0,0,0
13:57:18,0,0,0,0,0,0,0,0,0,0.0,0,0,0,0,0
13:57:19,0,0,0,0,0,0,0,0,0,0.0,0,0,0,0,0
13:57:20,0,0,0,0,0,0,0,0,0,0.0,0,0,0,0,0
13:57:21,0,0,0,0,0,0,0,0,0,0.0,0,0,0,0,0
13:57:22,0,0,0,0,0,0,0,0,0,0.0,0,0,0,0,0
13:57:23,0,0,0,0,0,0,0,0,0,0.0,0,0,0,0,0
13:57:24,0,0,0,0,0,0,0,0,0,0.0,0,0,0,0,0
13:57:25,0,0,0,0,0,0,0,0,0,0.0,0,0,0,0,0
13:57:26,0,0,0,0,0,0,0,0,0,0.0,0,0,0,0,0
13:57:27,0,0,0,0,0,0,0,0,0,0.0,0,0,0,0,0
13:57:28,0,0,0,0,0,0,0,0,0,0.0,0,0,0,0,0
13:57:29,0,0,0,0,0,0,0,0,0,0.0,0,0,0,0,0
13:57:30,0,0,0,0,0,0,0,0,0,0.0,0,0,0,0,0
13:57:31,0,0,0,0,0,0,0,0,0,0.0,0,0,0,0,0
13:57:32,0,0,0,0,0,0,0,0,0,0.0,0,0,0,0,0
13:57:33,0,0,0,0,0,0,0,0,0,0.0,0,0,0,0,0
13:57:34,0,0,0,0,0,0,0,0,0,0.0,0,0,0,0,0
13:57:35,0,0,0,0,0,0,0,0,0,0.0,0,0,0,0,0
13:57:36,0,0,0,0,0,0,0,0,0,0.0,0,0,0,0,0
13:57:37,0,0,0,0,0,0,0,0,0,0.0,0,0,0,0,0
13:57:38,0,0,0,0,0,0,0,0,0,0.0,0,0,0,0,0
13:57:39,0,0,0,0,0,0,0,0,0,0.0,0,0,0,0,0
13:57:40,0,0,0,0,0,0,0,0,0,0.0,0,0,0,0,0
13:57:41,75,1,48,12,4,6,34,1,1,0.43137254902,10,3,8,65,2
13:57:42,0,0,0,0,0,0,0,0,0,0.0,0,0,0,0,0
13:57:43,0,0,0,0,0,0,0,0,0,0.0,0,0,0,0,0
13:57:44,0,0,0,0,0,0,0,0,0,0.0,0,0,0,0,0
13:57:45,0,0,0,0,0,0,0,0,0,0.0,0,0,0,0,0
13:57:46,0,0,0,0,0,0,0,0,0,0.0,0,0,0,0,0
13:57:47,0,0,0,0,0,0,0,0,0,0.0,0,0,0,0,0
13:57:48,0,0,0,0,0,0,0,0,0,0.0,0,0,0,0,0
13:57:49,0,0,0,0,0,0,0,0,0,0.0,0,0,0,0,0
13:57:50,0,0,0,0,0,0,0,0,0,0.0,0,0,0,0,0
13:57:51,0,0,0,0,0,0,0,0,0,0.0,0,0,0,0,0
13:57:52,0,0,0,0,0,0,0,0,0,0.0,0,0,0,0,0
13:57:53,0,0,0,0,0,0,0,0,0,0.0,0,0,0,0,0
13:57:54,0,0,0,0,0,0,0,0,0,0.0,0,0,0,0,0
13:57:55,0,0,0,0,0,0,0,0,0,0.0,0,0,0,0,0
13:57:56,0,0,0,0,0,0,0,0,0,0.0,0,0,0,0,0
13:57:57,0,0,0,0,0,0,0,0,0,0.0,0,0,0,0,0
13:57:58,0,0,0,0,0,0,0,0,0,0.0,0,0,0,0,0
13:57:59,0,0,0,0,0,0,0,0,0,0.0,0,0,0,0,0
13:58:00,0,0,0,0,0,0,0,0,0,0.0,0,0,0,0,0
13:58:01,0,0,0,0,0,0,0,0,0,0.0,0,0,0,0,0
13:58:02,0,0,0,0,0,0,0,0,0,0.0,0,0,0,0,0
13:58:03,0,0,0,0,0,0,0,0,0,0.0,0,0,0,0,0
13:58:04,0,0,0,0,0,0,0,0,0,0.0,0,0,0,0,0
13:58:05,0,0,0,0,0,0,0,0,0,0.0,0,0,0,0,0
13:58:06,0,0,0,0,0,0,0,0,0,0.0,0,0,0,0,0
13:58:07,0,0,0,0,0,0,0,0,0,0.0,0,0,0,0,0
13:58:08,0,0,0,0,0,0,0,0,0,0.0,0,0,0,0,0
13:58:09,0,0,0,0,0,0,0,0,0,0.0,0,0,0,0,0
13:58:10,0,0,0,0,0,0,0,0,0,0.0,0,0,0,0,0
13:58:11,0,0,0,0,0,0,0,0,0,0.0,0,0,0,0,0
13:58:12,51,5,18,16,3,7,69,2,3,1.52173913043,8,7,20,29,2
13:58:13,0,0,0,0,0,0,0,0,0,0.0,0,0,0,0,0
13:58:14,0,0,0,0,0,0,0,0,0,0.0,0,0,0,0,0
13:58:15,0,0,0,0,0,0,0,0,0,0.0,0,0,0,0,0
13:58:16,0,0,0,0,0,0,0,0,0,0.0,0,0,0,0,0
13:58:17,0,0,0,0,0,0,0,0,0,0.0,0,0,0,0,0
13:58:18,0,0,0,0,0,0,0,0,0,0.0,0,0,0,0,0
13:58:19,0,0,0,0,0,0,0,0,0,0.0,0,0,0,0,0
13:58:20,0,0,0,0,0,0,0,0,0,0.0,0,0,0,0,0
13:58:21,0,0,0,0,0,0,0,0,0,0.0,0,0,0,0,0
13:58:22,0,0,0,0,0,0,0,0,0,0.0,0,0,0,0,0
13:58:23,0,0,0,0,0,0,0,0,0,0.0,0,0,0,0,0
13:58:24,0,0,0,0,0,0,0,0,0,0.0,0,0,0,0,0
13:58:25,0,0,0,0,0,0,0,0,0,0.0,0,0,0,0,0
13:58:26,0,0,0,0,0,0,0,0,0,0.0,0,0,0,0,0
13:58:27,0,0,0,0,0,0,0,0,0,0.0,0,0,0,0,0
13:58:28,0,0,0,0,0,0,0,0,0,0.0,0,0,0,0,0
13:58:29,0,0,0,0,0,0,0,0,0,0.0,0,0,0,0,0
13:58:30,0,0,0,0,0,0,0,0,0,0.0,0,0,0,0,0
13:58:31,0,0,0,0,0,0,0,0,0,0.0,0,0,0,0,0
13:58:32,0,0,0,0,0,0,0,0,0,0.0,0,0,0,0,0
13:58:33,0,0,0,0,0,0,0,0,0,0.0,0,0,0,0,0
13:58:34,0,0,0,0,0,0,0,0,0,0.0,0,0,0,0,0
13:58:35,0,0,0,0,0,0,0,0,0,0.0,0,0,0,0,0
13:58:36,0,0,0,0,0,0,0,0,0,0.0,0,0,0,0,0
13:58:37,0,0,0,0,0,0,0,0,0,0.0,0,0,0,0,0
13:58:38,0,0,0,0,0,0,0,0,0,0.0,0,0,0,0,0
13:58:39,0,0,0,0,0,0,0,0,0,0.0,0,0,0,0,0
13:58:40,0,0,0,0,0,0,0,0,0,0.0,0,0,0,0,0
13:58:41,0,0,0,0,0,0,0,0,0,0.0,0,0,0,0,0
13:58:42,0,0,0,0,0,0,0,0,0,0.0,0,0,0,0,0
13:58:43,61,12,33,11,4,6,49,0,1,0.222222222222,4,3,36,20,5
13:58:44,0,0,0,0,0,0,0,0,0,0.0,0,0,0,0,0
13:58:45,0,0,0,0,0,0,0,0,0,0.0,0,0,0,0,0
13:58:46,0,0,0,0,0,0,0,0,0,0.0,0,0,0,0,0
13:58:47,0,0,0,0,0,0,0,0,0,0.0,0,0,0,0,0
13:58:48,0,0,0,0,0,0,0,0,0,0.0,0,0,0,0,0
13:58:49,0,0,0,0,0,0,0,0,0,0.0,0,0,0,0,0
13:58:50,0,0,0,0,0,0,0,0,0,0.0,0,0,0,0,0
13:58:51,0,0,0,0,0,0,0,0,0,0.0,0,0,0,0,0
13:58:52,0,0,0,0,0,0,0,0,0,0.0,0,0,0,0,0
13:58:53,0,0,0,0,0,0,0,0,0,0.0,0,0,0,0,0
13:58:54,0,0,0,0,0,0,0,0,0,0.0,0,0,0,0,0
13:58:55,0,0,0,0,0,0,0,0,0,0.0,0,0,0,0,0
13:58:56,0,0,0,0,0,0,0,0,0,0.0,0,0,0,0,0
13:58:57,0,0,0,0,0,0,0,0,0,0.0,0,0,0,0,0
13:58:58,0,0,0,0,0,0,0,0,0,0.0,0,0,0,0,0
13:58:59,0,0,0,0,0,0,0,0,0,0.0,0,0,0,0,0
13:59:00,0,0,0,0,0,0,0,0,0,0.0,0,0,0,0,0
13:59:01,0,0,0,0,0,0,0,0,0,0.0,0,0,0,0,0
13:59:02,0,0,0,0,0,0,0,0,0,0.0,0,0,0,0,0
13:59:03,0,0,0,0,0,0,0,0,0,0.0,0,0,0,0,0
13:59:04,0,0,0,0,0,0,0,0,0,0.0,0,0,0,0,0
13:59:05,0,0,0,0,0,0,0,0,0,0.0,0,0,0,0,0
13:59:06,0,0,0,0,0,0,0,0,0,0.0,0,0,0,0,0
13:59:07,0,0,0,0,0,0,0,0,0,0.0,0,0,0,0,0
13:59:08,0,0,0,0,0,0,0,0,0,0.0,0,0,0,0,0
13:59:09,0,0,0,0,0,0,0,0,0,0.0,0,0,0,0,0
13:59:10,0,0,0,0,0,0,0,0,0,0.0,0,0,0,0,0
13:59:11,0,0,0,0,0,0,0,0,0,0.0,0,0,0,0,0
13:59:12,0,0,0,0,0,0,0,0,0,0.0,0,0,0,0,0
13:59:13,0,0,0,0,0,0,0,0,0,0.0,0,0,0,0,0
13:59:14,63,1,32,13,4,7,54,1,0,0.228571428571,5,3,9,49,5
13:59:15,0,0,0,0,0,0,0,0,0,0.0,0,0,0,0,0
13:59:16,0,0,0,0,0,0,0,0,0,0.0,0,0,0,0,0
13:59:17,0,0,0,0,0,0,0,0,0,0.0,0,0,0,0,0
13:59:18,0,0,0,0,0,0,0,0,0,0.0,0,0,0,0,0
13:59:19,0,0,0,0,0,0,0,0,0,0.0,0,0,0,0,0
13:59:20,0,0,0,0,0,0,0,0,0,0.0,0,0,0,0,0
13:59:21,0,0,0,0,0,0,0,0,0,0.0,0,0,0,0,0
13:59:22,0,0,0,0,0,0,0,0,0,0.0,0,0,0,0,0
13:59:23,0,0,0,0,0,0,0,0,0,0.0,0,0,0,0,0
13:59:24,0,0,0,0,0,0,0,0,0,0.0,0,0,0,0,0
13:59:25,0,0,0,0,0,0,0,0,0,0.0,0,0,0,0,0
13:59:26,0,0,0,0,0,0,0,0,0,0.0,0,0,0,0,0
13:59:27,0,0,0,0,0,0,0,0,0,0.0,0,0,0,0,0
13:59:28,0,0,0,0,0,0,0,0,0,0.0,0,0,0,0,0
13:59:29,0,0,0,0,0,0,0,0,0,0.0,0,0,0,0,0
13:59:30,0,0,0,0,0,0,0,0,0,0.0,0,0,0,0,0
13:59:31,0,0,0,0,0,0,0,0,0,0.0,0,0,0,0,0
13:59:32,0,0,0,0,0,0,0,0,0,0.0,0,0,0,0,0
13:59:33,0,0,0,0,0,0,0,0,0,0.0,0,0,0,0,0
13:59:34,0,0,0,0,0,0,0,0,0,0.0,0,0,0,0,0
13:59:35,0,0,0,0,0,0,0,0,0,0.0,0,0,0,0,0
13:59:36,0,0,0,0,0,0,0,0,0,0.0,0,0,0,0,0
13:59:37,0,0,0,0,0,0,0,0,0,0.0,0,0,0,0,0
13:59:38,0,0,0,0,0,0,0,0,0,0.0,0,0,0,0,0
13:59:39,0,0,0,0,0,0,0,0,0,0.0,0,0,0,0,0
13:59:40,0,0,0,0,0,0,0,0,0,0.0,0,0,0,0,0
13:59:41,0,0,0,0,0,0,0,0,0,0.0,0,0,0,0,0
13:59:42,0,0,0,0,0,0,0,0,0,0.0,0,0,0,0,0
13:59:43,0,0,0,0,0,0,0,0,0,0.0,0,0,0,0,0
13:59:44,31,4,7,13,4,7,43,0,2,1.18181818182,5,4,13,15,3
13:59:45,0,0,0,0,0,0,0,0,0,0.0,0,0,0,0,0
13:59:46,0,0,0,0,0,0,0,0,0,0.0,0,0,0,0,0
13:59:47,0,0,0,0,0,0,0,0,0,0.0,0,0,0,0,0
13:59:48,0,0,0,0,0,0,0,0,0,0.0,0,0,0,0,0
13:59:49,0,0,0,0,0,0,0,0,0,0.0,0,0,0,0,0
13:59:50,0,0,0,0,0,0,0,0,0,0.0,0,0,0,0,0
13:59:51,0,0,0,0,0,0,0,0,0,0.0,0,0,0,0,0
13:59:52,0,0,0,0,0,0,0,0,0,0.0,0,0,0,0,0
13:59:53,0,0,0,0,0,0,0,0,0,0.0,0,0,0,0,0
13:59:54,0,0,0,0,0,0,0,0,0,0.0,0,0,0,0,0
13:59:55,0,0,0,0,0,0,0,0,0,0.0,0,0,0,0,0
13:59:56,0,0,0,0,0,0,0,0,0,0.0,0,0,0,0,0
13:59:57,0,0,0,0,0,0,0,0,0,0.0,0,0,0,0,0
13:59:58,0,0,0,0,0,0,0,0,0,0.0,0,0,0,0,0
13:59:59,0,0,0,0,0,0,0,0,0,0.0,0,0,0,0,0
15:55:00,0,0,0,0,0,0,0,0,0,0.0,0,0,0,0,0
15:55:01,0,0,0,0,0,0,0,0,0,0.0,0,0,0,0,0
15:55:02,0,0,0,0,0,0,0,0,0,0.0,0,0,0,0,0
15:55:03,0,0,0,0,0,0,0,0,0,0.0,0,0,0,0,0
15:55:04,0,0,0,0,0,0,0,0,0,0.0,0,0,0,0,0
15:55:05,0,0,0,0,0,0,0,0,0,0.0,0,0,0,0,0
15:55:06,0,0,0,0,0,0,0,0,0,0.0,0,0,0,0,0
15:55:07,0,0,0,0,0,0,0,0,0,0.0,0,0,0,0,0
15:55:08,0,0,0,0,0,0,0,0,0,0.0,0,0,0,0,0
15:55:09,0,0,0,0,0,0,0,0,0,0.0,0,0,0,0,0
15:55:10,0,0,0,0,0,0,0,0,0,0.0,0,0,0,0,0
15:55:11,0,0,0,0,0,0,0,0,0,0.0,0,0,0,0,0
15:55:12,0,0,0,0,0,0,0,0,0,0.0,0,0,0,0,0
15:55:13,0,0,0,0,0,0,0,0,0,0.0,0,0,0,0,0
15:55:14,0,0,0,0,0,0,0,0,0,0.0,0,0,0,0,0
15:55:15,0,0,0,0,0,0,0,0,0,0.0,0,0,0,0,0
15:55:16,0,0,0,0,0,0,0,0,0,0.0,0,0,0,0,0
15:55:17,0,0,0,0,0,0,0,0,0,0.0,0,0,0,0,0
15:55:18,0,0,0,0,0,0,0,0,0,0.0,0,0,0,0,0
15:55:19,0,0,0,0,0,0,0,0,0,0.0,0,0,0,0,0
15:55:20,0,0,0,0,0,0,0,0,0,0.0,0,0,0,0,0
15:55:21,0,0,0,0,0,0,0,0,0,0.0,0,0,0,0,0
15:55:22,0,0,0,0,0,0,0,0,0,0.0,0,0,0,0,0
15:55:23,0,0,0,0,0,0,0,0,0,0.0,0,0,0,0,0
15:55:24,0,0,0,0,0,0,0,0,0,0.0,0,0,0,0,0
15:55:25,0,0,0,0,0,0,0,0,0,0.0,0,0,0,0,0
15:55:26,0,0,0,0,0,0,0,0,0,0.0,0,0,0,0,0
15:55:27,0,0,0,0,0,0,0,0,0,0.0,0,0,0,0,0
15:55:28,30,3,10,16,4,7,70,1,0,1.0,11,1,14,15,1
15:55:29,0,0,0,0,0,0,0,0,0,0.0,0,0,0,0,0
15:55:30,0,0,0,0,0,0,0,0,0,0.0,0,0,0,0,0
15:55:31,0,0,0,0,0,0,0,0,0,0.0,0,0,0,0,0
15:55:32,0,0,0,0,0,0,0,0,0,0.0,0,0,0,0,0
15:55:33,0,0,0,0,0,0,0,0,0,0.0,0,0,0,0,0
15:55:34,0,0,0,0,0,0,0,0,0,0.0,0,0,0,0,0
15:55:35,0,0,0,0,0,0,0,0,0,0.0,0,0,0,0,0
15:55:36,0,0,0,0,0,0,0,0,0,0.0,0,0,0,0,0
15:55:37,0,0,0,0,0,0,0,0,0,0.0,0,0,0,0,0
15:55:38,0,0,0,0,0,0,0,0,0,0.0,0,0,0,0,0
15:55:39,0,0,0,0,0,0,0,0,0,0.0,0,0,0,0,0
15:55:40,0,0,0,0,0,0,0,0,0,0.0,0,0,0,0,0
15:55:41,0,0,0,0,0,0,0,0,0,0.0,0,0,0,0,0
15:55:42,0,0,0,0,0,0,0,0,0,0.0,0,0,0,0,0
15:55:43,0,0,0,0,0,0,0,0,0,0.0,0,0,0,0,0
15:55:44,0,0,0,0,0,0,0,0,0,0.0,0,0,0,0,0
15:55:45,0,0,0,0,0,0,0,0,0,0.0,0,0,0,0,0
15:55:46,0,0,0,0,0,0,0,0,0,0.0,0,0,0,0,0
15:55:47,0,0,0,0,0,0,0,0,0,0.0,0,0,0,0,0
15:55:48,0,0,0,0,0,0,0,0,0,0.0,0,0,0,0,0
15:55:49,0,0,0,0,0,0,0,0,0,0.0,0,0,0,0,0
15:55:50,0,0,0,0,0,0,0,0,0,0.0,0,0,0,0,0
15:55:51,0,0,0,0,0,0,0,0,0,0.0,0,0,0,0,0
15:55:52,0,0,0,0,0,0,0,0,0,0.0,0,0,0,0,0
15:55:53,0,0,0,0,0,0,0,0,0,0.0,0,0,0,0,0
15:55:54,0,0,0,0,0,0,0,0,0,0.0,0,0,0,0,0
15:55:55,0,0,0,0,0,0,0,0,0,0.0,0,0,0,0,0
15:55:56,0,0,0,0,0,0,0,0,0,0.0,0,0,0,0,0
15:55:57,0,0,0,0,0,0,0,0,0,0.0,0,0,0,0,0
15:55:58,0,0,0,0,0,0,0,0,0,0.0,0,0,0,0,0
15:55:59,0,0,0,0,0,0,0,0,0,0.0,0,0,0,0,0
15:56:00,39,6,15,16,4,7,100,1,3,0.684210526316,7,4,12,21,6
15:56:01,0,0,0,0,0,0,0,0,0,0.0,0,0,0,0,0
15:56:02,0,0,0,0,0,0,0,0,0,0.0,0,0,0,0,0
15:56:03,0,0,0,0,0,0,0,0,0,0.0,0,0,0,0,0
15:56:04,0,0,0,0,0,0,0,0,0,0.0,0,0,0,0,0
15:56:05,0,0,0,0,0,0,0,0,0,0.0,0,0,0,0,0
15:56:06,0,0,0,0,0,0,0,0,0,0.0,0,0,0,0,0
15:56:07,0,0,0,0,0,0,0,0,0,0.0,0,0,0,0,0
15:56:08,0,0,0,0,0,0,0,0,0,0.0,0,0,0,0,0
15:56:09,0,0,0,0,0,0,0,0,0,0.0,0,0,0,0,0
15:56:10,0,0,0,0,0,0,0,0,0,0.0,0,0,0,0,0
15:56:11,0,0,0,0,0,0,0,0,0,0.0,0,0,0,0,0
15:56:12,0,0,0,0,0,0,0,0,0,0.0,0,0,0,0,0
15:56:13,0,0,0,0,0,0,0,0,0,0.0,0,0,0,0,0
15:56:14,0,0,0,0,0,0,0,0,0,0.0,0,0,0,0,0
15:56:15,0,0,0,0,0,0,0,0,0,0.0,0,0,0,0,0
15:56:16,0,0,0,0,0,0,0,0,0,0.0,0,0,0,0,0
15:56:17,0,0,0,0,0,0,0,0,0,0.0,0,0,0,0,0
15:56:18,0,0,0,0,0,0,0,0,0,0.0,0,0,0,0,0
15:56:19,0,0,0,0,0,0,0,0,0,0.0,0,0,0,0,0
15:56:20,0,0,0,0,0,0,0,0,0,0.0,0,0,0,0,0
15:56:21,0,0,0,0,0,0,0,0,0,0.0,0,0,0,0,0
15:56:22,0,0,0,0,0,0,0,0,0,0.0,0,0,0,0,0
15:56:23,0,0,0,0,0,0,0,0,0,0.0,0,0,0,0,0
15:56:24,0,0,0,0,0,0,0,0,0,0.0,0,0,0,0,0
15:56:25,0,0,0,0,0,0,0,0,0,0.0,0,0,0,0,0
15:56:26,0,0,0,0,0,0,0,0,0,0.0,0,0,0,0,0
15:56:27,0,0,0,0,0,0,0,0,0,0.0,0,0,0,0,0
15:56:28,0,0,0,0,0,0,0,0,0,0.0,0,0,0,0,0
15:56:29,0,0,0,0,0,0,0,0,0,0.0,0,0,0,0,0
15:56:30,0,0,0,0,0,0,0,0,0,0.0,0,0,0,0,0
15:56:31,32,9,10,17,4,7,44,1,1,1.0,9,3,15,15,2
15:56:32,0,0,0,0,0,0,0,0,0,0.0,0,0,0,0,0
15:56:33,0,0,0,0,0,0,0,0,0,0.0,0,0,0,0,0
15:56:34,0,0,0,0,0,0,0,0,0,0.0,0,0,0,0,0
15:56:35,0,0,0,0,0,0,0,0,0,0.0,0,0,0,0,0
15:56:36,0,0,0,0,0,0,0,0,0,0.0,0,0,0,0,0
15:56:37,0,0,0,0,0,0,0,0,0,0.0,0,0,0,0,0
15:56:38,0,0,0,0,0,0,0,0,0,0.0,0,0,0,0,0
15:56:39,0,0,0,0,0,0,0,0,0,0.0,0,0,0,0,0
15:56:40,0,0,0,0,0,0,0,0,0,0.0,0,0,0,0,0
15:56:41,0,0,0,0,0,0,0,0,0,0.0,0,0,0,0,0
15:56:42,0,0,0,0,0,0,0,0,0,0.0,0,0,0,0,0
15:56:43,0,0,0,0,0,0,0,0,0,0.0,0,0,0,0,0
15:56:44,0,0,0,0,0,0,0,0,0,0.0,0,0,0,0,0
15:56:45,0,0,0,0,0,0,0,0,0,0.0,0,0,0,0,0
15:56:46,0,0,0,0,0,0,0,0,0,0.0,0,0,0,0,0
15:56:47,0,0,0,0,0,0,0,0,0,0.0,0,0,0,0,0
15:56:48,0,0,0,0,0,0,0,0,0,0.0,0,0,0,0,0
15:56:49,0,0,0,0,0,0,0,0,0,0.0,0,0,0,0,0
15:56:50,0,0,0,0,0,0,0,0,0,0.0,0,0,0,0,0
15:56:51,0,0,0,0,0,0,0,0,0,0.0,0,0,0,0,0
15:56:52,0,0,0,0,0,0,0,0,0,0.0,0,0,0,0,0
15:56:53,0,0,0,0,0,0,0,0,0,0.0,0,0,0,0,0
15:56:54,0,0,0,0,0,0,0,0,0,0.0,0,0,0,0,0
15:56:55,0,0,0,0,0,0,0,0,0,0.0,0,0,0,0,0
15:56:56,0,0,0,0,0,0,0,0,0,0.0,0,0,0,0,0
15:56:57,0,0,0,0,0,0,0,0,0,0.0,0,0,0,0,0
15:56:58,0,0,0,0,0,0,0,0,0,0.0,0,0,0,0,0
15:56:59,0,0,0,0,0,0,0,0,0,0.0,0,0,0,0,0
15:57:00,0,0,0,0,0,0,0,0,0,0.0,0,0,0,0,0
15:57:01,0,0,0,0,0,0,0,0,0,0.0,0,0,0,0,0
15:57:02,41,4,18,13,4,7,71,2,1,0.333333333333,3,3,14,10,17
15:57:03,0,0,0,0,0,0,0,0,0,0.0,0,0,0,0,0
15:57:04,0,0,0,0,0,0,0,0,0,0.0,0,0,0,0,0
15:57:05,0,0,0,0,0,0,0,0,0,0.0,0,0,0,0,0
15:57:06,0,0,0,0,0,0,0,0,0,0.0,0,0,0,0,0
15:57:07,0,0,0,0,0,0,0,0,0,0.0,0,0,0,0,0
15:57:08,0,0,0,0,0,0,0,0,0,0.0,0,0,0,0,0
15:57:09,0,0,0,0,0,0,0,0,0,0.0,0,0,0,0,0
15:57:10,0,0,0,0,0,0,0,0,0,0.0,0,0,0,0,0
15:57:11,0,0,0,0,0,0,0,0,0,0.0,0,0,0,0,0
15:57:12,0,0,0,0,0,0,0,0,0,0.0,0,0,0,0,0
15:57:13,0,0,0,0,0,0,0,0,0,0.0,0,0,0,0,0
15:57:14,0,0,0,0,0,0,0,0,0,0.0,0,0,0,0,0
15:57:15,0,0,0,0,0,0,0,0,0,0.0,0,0,0,0,0
15:57:16,0,0,0,0,0,0,0,0,0,0.0,0,0,0,0,0
15:57:17,0,0,0,0,0,0,0,0,0,0.0,0,0,0,0,0
15:57:18,0,0,0,0,0,0,0,0,0,0.0,0,0,0,0,0
15:57:19,0,0,0,0,0,0,0,0,0,0.0,0,0,0,0,0
15:57:20,0,0,0,0,0,0,0,0,0,0.0,0,0,0,0,0
15:57:21,0,0,0,0,0,0,0,0,0,0.0,0,0,0,0,0
15:57:22,0,0,0,0,0,0,0,0,0,0.0,0,0,0,0,0
15:57:23,0,0,0,0,0,0,0,0,0,0.0,0,0,0,0,0
15:57:24,0,0,0,0,0,0,0,0,0,0.0,0,0,0,0,0
15:57:25,0,0,0,0,0,0,0,0,0,0.0,0,0,0,0,0
15:57:26,0,0,0,0,0,0,0,0,0,0.0,0,0,0,0,0
15:57:27,0,0,0,0,0,0,0,0,0,0.0,0,0,0,0,0
15:57:28,0,0,0,0,0,0,0,0,0,0.0,0,0,0,0,0
15:57:29,0,0,0,0,0,0,0,0,0,0.0,0,0,0,0,0
15:57:30,0,0,0,0,0,0,0,0,0,0.0,0,0,0,0,0
15:57:31,0,0,0,0,0,0,0,0,0,0.0,0,0,0,0,0
15:57:32,0,0,0,0,0,0,0,0,0,0.0,0,0,0,0,0
15:57:33,40,0,18,16,3,7,57,1,2,0.857142857143,12,3,8,22,10
15:57:34,0,0,0,0,0,0,0,0,0,0.0,0,0,0,0,0
15:57:35,0,0,0,0,0,0,0,0,0,0.0,0,0,0,0,0
15:57:36,0,0,0,0,0,0,0,0,0,0.0,0,0,0,0,0
15:57:37,0,0,0,0,0,0,0,0,0,0.0,0,0,0,0,0
15:57:38,0,0,0,0,0,0,0,0,0,0.0,0,0,0,0,0
15:57:39,0,0,0,0,0,0,0,0,0,0.0,0,0,0,0,0
15:57:40,0,0,0,0,0,0,0,0,0,0.0,0,0,0,0,0
15:57:41,0,0,0,0,0,0,0,0,0,0.0,0,0,0,0,0
15:57:42,0,0,0,0,0,0,0,0,0,0.0,0,0,0,0,0
15:57:43,0,0,0,0,0,0,0,0,0,0.0,0,0,0,0,0
15:57:44,0,0,0,0,0,0,0,0,0,0.0,0,0,0,0,0
15:57:45,0,0,0,0,0,0,0,0,0,0.0,0,0,0,0,0
15:57:46,0,0,0,0,0,0,0,0,0,0.0,0,0,0,0,0
15:57:47,0,0,0,0,0,0,0,0,0,0.0,0,0,0,0,0
15:57:48,0,0,0,0,0,0,0,0,0,0.0,0,0,0,0,0
15:57:49,0,0,0,0,0,0,0,0,0,0.0,0,0,0,0,0
15:57:50,0,0,0,0,0,0,0,0,0,0.0,0,0,0,0,0
15:57:51,0,0,0,0,0,0,0,0,0,0.0,0,0,0,0,0
15:57:52,0,0,0,0,0,0,0,0,0,0.0,0,0,0,0,0
15:57:53,0,0,0,0,0,0,0,0,0,0.0,0,0,0,0,0
15:57:54,0,0,0,0,0,0,0,0,0,0.0,0,0,0,0,0
15:57:55,0,0,0,0,0,0,0,0,0,0.0,0,0,0,0,0
15:57:56,0,0,0,0,0,0,0,0,0,0.0,0,0,0,0,0
15:57:57,0,0,0,0,0,0,0,0,0,0.0,0,0,0,0,0
15:57:58,0,0,0,0,0,0,0,0,0,0.0,0,0,0,0,0
15:57:59,0,0,0,0,0,0,0,0,0,0.0,0,0,0,0,0
15:58:00,0,0,0,0,0,0,0,0,0,0.0,0,0,0,0,0
15:58:01,0,0,0,0,0,0,0,0,0,0.0,0,0,0,0,0
15:58:02,0,0,0,0,0,0,0,0,0,0.0,0,0,0,0,0
15:58:03,103,3,75,18,3,7,39,1,0,0.210526315789,16,1,11,81,11
15:58:04,0,0,0,0,0,0,0,0,0,0.0,0,0,0,0,0
15:58:05,0,0,0,0,0,0,0,0,0,0.0,0,0,0,0,0
15:58:06,0,0,0,0,0,0,0,0,0,0.0,0,0,0,0,0
15:58:07,0,0,0,0,0,0,0,0,0,0.0,0,0,0,0,0
15:58:08,0,0,0,0,0,0,0,0,0,0.0,0,0,0,0,0
15:58:09,0,0,0,0,0,0,0,0,0,0.0,0,0,0,0,0
15:58:10,0,0,0,0,0,0,0,0,0,0.0,0,0,0,0,0
15:58:11,0,0,0,0,0,0,0,0,0,0.0,0,0,0,0,0
15:58:12,0,0,0,0,0,0,0,0,0,0.0,0,0,0,0,0
15:58:13,0,0,0,0,0,0,0,0,0,0.0,0,0,0,0,0
15:58:14,0,0,0,0,0,0,0,0,0,0.0,0,0,0,0,0
15:58:15,0,0,0,0,0,0,0,0,0,0.0,0,0,0,0,0
15:58:16,0,0,0,0,0,0,0,0,0,0.0,0,0,0,0,0
15:58:17,0,0,0,0,0,0,0,0,0,0.0,0,0,0,0,0
15:58:18,0,0,0,0,0,0,0,0,0,0.0,0,0,0,0,0
15:58:19,0,0,0,0,0,0,0,0,0,0.0,0,0,0,0,0
15:58:20,0,0,0,0,0,0,0,0,0,0.0,0,0,0,0,0
15:58:21,0,0,0,0,0,0,0,0,0,0.0,0,0,0,0,0
15:58:22,0,0,0,0,0,0,0,0,0,0.0,0,0,0,0,0
15:58:23,0,0,0,0,0,0,0,0,0,0.0,0,0,0,0,0
15:58:24,0,0,0,0,0,0,0,0,0,0.0,0,0,0,0,0
15:58:25,0,0,0,0,0,0,0,0,0,0.0,0,0,0,0,0
15:58:26,0,0,0,0,0,0,0,0,0,0.0,0,0,0,0,0
15:58:27,0,0,0,0,0,0,0,0,0,0.0,0,0,0,0,0
15:58:28,0,0,0,0,0,0,0,0,0,0.0,0,0,0,0,0
15:58:29,0,0,0,0,0,0,0,0,0,0.0,0,0,0,0,0
15:58:30,0,0,0,0,0,0,0,0,0,0.0,0,0,0,0,0
15:58:31,0,0,0,0,0,0,0,0,0,0.0,0,0,0,0,0
15:58:32,0,0,0,0,0,0,0,0,0,0.0,0,0,0,0,0
15:58:33,0,0,0,0,0,0,0,0,0,0.0,0,0,0,0,0
15:58:34,29,15,9,16,4,6,19,0,0,0.0,0,0,15,11,3
15:58:35,0,0,0,0,0,0,0,0,0,0.0,0,0,0,0,0
15:58:36,0,0,0,0,0,0,0,0,0,0.0,0,0,0,0,0
15:58:37,0,0,0,0,0,0,0,0,0,0.0,0,0,0,0,0
15:58:38,0,0,0,0,0,0,0,0,0,0.0,0,0,0,0,0
15:58:39,0,0,0,0,0,0,0,0,0,0.0,0,0,0,0,0
15:58:40,0,0,0,0,0,0,0,0,0,0.0,0,0,0,0,0
15:58:41,0,0,0,0,0,0,0,0,0,0.0,0,0,0,0,0
15:58:42,0,0,0,0,0,0,0,0,0,0.0,0,0,0,0,0
15:58:43,0,0,0,0,0,0,0,0,0,0.0,0,0,0,0,0
15:58:44,0,0,0,0,0,0,0,0,0,0.0,0,0,0,0,0
15:58:45,0,0,0,0,0,0,0,0,0,0.0,0,0,0,0,0
15:58:46,0,0,0,0,0,0,0,0,0,0.0,0,0,0,0,0
15:58:47,0,0,0,0,0,0,0,0,0,0.0,0,0,0,0,0
15:58:48,0,0,0,0,0,0,0,0,0,0.0,0,0,0,0,0
15:58:49,0,0,0,0,0,0,0,0,0,0.0,0,0,0,0,0
15:58:50,0,0,0,0,0,0,0,0,0,0.0,0,0,0,0,0
15:58:51,0,0,0,0,0,0,0,0,0,0.0,0,0,0,0,0
15:58:52,0,0,0,0,0,0,0,0,0,0.0,0,0,0,0,0
15:58:53,0,0,0,0,0,0,0,0,0,0.0,0,0,0,0,0
15:58:54,0,0,0,0,0,0,0,0,0,0.0,0,0,0,0,0
15:58:55,0,0,0,0,0,0,0,0,0,0.0,0,0,0,0,0
15:58:56,0,0,0,0,0,0,0,0,0,0.0,0,0,0,0,0
15:58:57,0,0,0,0,0,0,0,0,0,0.0,0,0,0,0,0
15:58:58,0,0,0,0,0,0,0,0,0,0.0,0,0,0,0,0
15:58:59,0,0,0,0,0,0,0,0,0,0.0,0,0,0,0,0
15:59:00,0,0,0,0,0,0,0,0,0,0.0,0,0,0,0,0
15:59:01,0,0,0,0,0,0,0,0,0,0.0,0,0,0,0,0
15:59:02,0,0,0,0,0,0,0,0,0,0.0,0,0,0,0,0
15:59:03,0,0,0,0,0,0,0,0,0,0.0,0,0,0,0,0
15:59:04,33,5,12,17,3,7,25,0,1,0.357142857143,4,2,13,14,6
15:59:05,0,0,0,0,0,0,0,0,0,0.0,0,0,0,0,0
15:59:06,0,0,0,0,0,0,0,0,0,0.0,0,0,0,0,0
15:59:07,0,0,0,0,0,0,0,0,0,0.0,0,0,0,0,0
15:59:08,0,0,0,0,0,0,0,0,0,0.0,0,0,0,0,0
15:59:09,0,0,0,0,0,0,0,0,0,0.0,0,0,0,0,0
15:59:10,0,0,0,0,0,0,0,0,0,0.0,0,0,0,0,0
15:59:11,0,0,0,0,0,0,0,0,0,0.0,0,0,0,0,0
15:59:12,0,0,0,0,0,0,0,0,0,0.0,0,0,0,0,0
15:59:13,0,0,0,0,0,0,0,0,0,0.0,0,0,0,0,0
15:59:14,0,0,0,0,0,0,0,0,0,0.0,0,0,0,0,0
15:59:15,0,0,0,0,0,0,0,0,0,0.0,0,0,0,0,0
15:59:16,0,0,0,0,0,0,0,0,0,0.0,0,0,0,0,0
15:59:17,0,0,0,0,0,0,0,0,0,0.0,0,0,0,0,0
15:59:18,0,0,0,0,0,0,0,0,0,0.0,0,0,0,0,0
15:59:19,0,0,0,0,0,0,0,0,0,0.0,0,0,0,0,0
15:59:20,0,0,0,0,0,0,0,0,0,0.0,0,0,0,0,0
15:59:21,0,0,0,0,0,0,0,0,0,0.0,0,0,0,0,0
15:59:22,0,0,0,0,0,0,0,0,0,0.0,0,0,0,0,0
15:59:23,0,0,0,0,0,0,0,0,0,0.0,0,0,0,0,0
15:59:24,0,0,0,0,0,0,0,0,0,0.0,0,0,0,0,0
15:59:25,0,0,0,0,0,0,0,0,0,0.0,0,0,0,0,0
15:59:26,0,0,0,0,0,0,0,0,0,0.0,0,0,0,0,0
15:59:27,0,0,0,0,0,0,0,0,0,0.0,0,0,0,0,0
15:59:28,0,0,0,0,0,0,0,0,0,0.0,0,0,0,0,0
15:59:29,0,0,0,0,0,0,0,0,0,0.0,0,0,0,0,0
15:59:30,0,0,0,0,0,0,0,0,0,0.0,0,0,0,0,0
15:59:31,0,0,0,0,0,0,0,0,0,0.0,0,0,0,0,0
15:59:32,0,0,0,0,0,0,0,0,0,0.0,0,0,0,0,0
15:59:33,0,0,0,0,0,0,0,0,0,0.0,0,0,0,0,0
15:59:34,0,0,0,0,0,0,0,0,0,0.0,0,0,0,0,0
15:59:35,25,4,6,17,4,6,21,1,0,0.714285714286,5,1,13,10,2
15:59:36,0,0,0,0,0,0,0,0,0,0.0,0,0,0,0,0
15:59:37,0,0,0,0,0,0,0,0,0,0.0,0,0,0,0,0
15:59:38,0,0,0,0,0,0,0,0,0,0.0,0,0,0,0,0
15:59:39,0,0,0,0,0,0,0,0,0,0.0,0,0,0,0,0
15:59:40,0,0,0,0,0,0,0,0,0,0.0,0,0,0,0,0
15:59:41,0,0,0,0,0,0,0,0,0,0.0,0,0,0,0,0
15:59:42,0,0,0,0,0,0,0,0,0,0.0,0,0,0,0,0
15:59:43,0,0,0,0,0,0,0,0,0,0.0,0,0,0,0,0
15:59:44,0,0,0,0,0,0,0,0,0,0.0,0,0,0,0,0
15:59:45,0,0,0,0,0,0,0,0,0,0.0,0,0,0,0,0
15:59:46,0,0,0,0,0,0,0,0,0,0.0,0,0,0,0,0
15:59:47,0,0,0,0,0,0,0,0,0,0.0,0,0,0,0,0
15:59:48,0,0,0,0,0,0,0,0,0,0.0,0,0,0,0,0
15:59:49,0,0,0,0,0,0,0,0,0,0.0,0,0,0,0,0
15:59:50,0,0,0,0,0,0,0,0,0,0.0,0,0,0,0,0
15:59:51,0,0,0,0,0,0,0,0,0,0.0,0,0,0,0,0
15:59:52,0,0,0,0,0,0,0,0,0,0.0,0,0,0,0,0
15:59:53,0,0,0,0,0,0,0,0,0,0.0,0,0,0,0,0
15:59:54,0,0,0,0,0,0,0,0,0,0.0,0,0,0,0,0
15:59:55,0,0,0,0,0,0,0,0,0,0.0,0,0,0,0,0
15:59:56,0,0,0,0,0,0,0,0,0,0.0,0,0,0,0,0
15:59:57,0,0,0,0,0,0,0,0,0,0.0,0,0,0,0,0
15:59:58,0,0,0,0,0,0,0,0,0,0.0,0,0,0,0,0
15:59:59,0,0,0,0,0,0,0,0,0,0.0,0,0,0,0,0
17:55:00,0,0,0,0,0,0,0,0,0,0.0,0,0,0,0,0
17:55:01,0,0,0,0,0,0,0,0,0,0.0,0,0,0,0,0
17:55:02,0,0,0,0,0,0,0,0,0,0.0,0,0,0,0,0
17:55:03,0,0,0,0,0,0,0,0,0,0.0,0,0,0,0,0
17:55:04,0,0,0,0,0,0,0,0,0,0.0,0,0,0,0,0
17:55:05,0,0,0,0,0,0,0,0,0,0.0,0,0,0,0,0
17:55:06,0,0,0,0,0,0,0,0,0,0.0,0,0,0,0,0
17:55:07,0,0,0,0,0,0,0,0,0,0.0,0,0,0,0,0
17:55:08,0,0,0,0,0,0,0,0,0,0.0,0,0,0,0,0
17:55:09,0,0,0,0,0,0,0,0,0,0.0,0,0,0,0,0
17:55:10,0,0,0,0,0,0,0,0,0,0.0,0,0,0,0,0
17:55:11,0,0,0,0,0,0,0,0,0,0.0,0,0,0,0,0
17:55:12,0,0,0,0,0,0,0,0,0,0.0,0,0,0,0,0
17:55:13,0,0,0,0,0,0,0,0,0,0.0,0,0,0,0,0
17:55:14,0,0,0,0,0,0,0,0,0,0.0,0,0,0,0,0
17:55:15,0,0,0,0,0,0,0,0,0,0.0,0,0,0,0,0
17:55:16,0,0,0,0,0,0,0,0,0,0.0,0,0,0,0,0
17:55:17,0,0,0,0,0,0,0,0,0,0.0,0,0,0,0,0
17:55:18,0,0,0,0,0,0,0,0,0,0.0,0,0,0,0,0
17:55:19,0,0,0,0,0,0,0,0,0,0.0,0,0,0,0,0
17:55:20,47,5,23,13,4,6,30,0,0,0.16,3,2,27,20,0
17:55:21,0,0,0,0,0,0,0,0,0,0.0,0,0,0,0,0
17:55:22,0,0,0,0,0,0,0,0,0,0.0,0,0,0,0,0
17:55:23,0,0,0,0,0,0,0,0,0,0.0,0,0,0,0,0
17:55:24,0,0,0,0,0,0,0,0,0,0.0,0,0,0,0,0
17:55:25,0,0,0,0,0,0,0,0,0,0.0,0,0,0,0,0
17:55:26,0,0,0,0,0,0,0,0,0,0.0,0,0,0,0,0
17:55:27,0,0,0,0,0,0,0,0,0,0.0,0,0,0,0,0
17:55:28,0,0,0,0,0,0,0,0,0,0.0,0,0,0,0,0
17:55:29,0,0,0,0,0,0,0,0,0,0.0,0,0,0,0,0
17:55:30,0,0,0,0,0,0,0,0,0,0.0,0,0,0,0,0
17:55:31,0,0,0,0,0,0,0,0,0,0.0,0,0,0,0,0
17:55:32,0,0,0,0,0,0,0,0,0,0.0,0,0,0,0,0
17:55:33,0,0,0,0,0,0,0,0,0,0.0,0,0,0,0,0
17:55:34,0,0,0,0,0,0,0,0,0,0.0,0,0,0,0,0
17:55:35,0,0,0,0,0,0,0,0,0,0.0,0,0,0,0,0
17:55:36,0,0,0,0,0,0,0,0,0,0.0,0,0,0,0,0
17:55:37,0,0,0,0,0,0,0,0,0,0.0,0,0,0,0,0
17:55:38,0,0,0,0,0,0,0,0,0,0.0,0,0,0,0,0
17:55:39,0,0,0,0,0,0,0,0,0,0.0,0,0,0,0,0
17:55:40,0,0,0,0,0,0,0,0,0,0.0,0,0,0,0,0
17:55:41,0,0,0,0,0,0,0,0,0,0.0,0,0,0,0,0
17:55:42,0,0,0,0,0,0,0,0,0,0.0,0,0,0,0,0
17:55:43,0,0,0,0,0,0,0,0,0,0.0,0,0,0,0,0
17:55:44,0,0,0,0,0,0,0,0,0,0.0,0,0,0,0,0
17:55:45,0,0,0,0,0,0,0,0,0,0.0,0,0,0,0,0
17:55:46,0,0,0,0,0,0,0,0,0,0.0,0,0,0,0,0
17:55:47,0,0,0,0,0,0,0,0,0,0.0,0,0,0,0,0
17:55:48,0,0,0,0,0,0,0,0,0,0.0,0,0,0,0,0
17:55:49,0,0,0,0,0,0,0,0,0,0.0,0,0,0,0,0
17:55:50,0,0,0,0,0,0,0,0,0,0.0,0,0,0,0,0
17:55:51,0,0,0,0,0,0,0,0,0,0.0,0,0,0,0,0
17:55:52,30,8,8,10,4,6,9,1,0,1.0,6,2,5,20,5
17:55:53,0,0,0,0,0,0,0,0,0,0.0,0,0,0,0,0
17:55:54,0,0,0,0,0,0,0,0,0,0.0,0,0,0,0,0
17:55:55,0,0,0,0,0,0,0,0,0,0.0,0,0,0,0,0
17:55:56,0,0,0,0,0,0,0,0,0,0.0,0,0,0,0,0
17:55:57,0,0,0,0,0,0,0,0,0,0.0,0,0,0,0,0
17:55:58,0,0,0,0,0,0,0,0,0,0.0,0,0,0,0,0
17:55:59,0,0,0,0,0,0,0,0,0,0.0,0,0,0,0,0
17:56:00,0,0,0,0,0,0,0,0,0,0.0,0,0,0,0,0
17:56:01,0,0,0,0,0,0,0,0,0,0.0,0,0,0,0,0
17:56:02,0,0,0,0,0,0,0,0,0,0.0,0,0,0,0,0
17:56:03,0,0,0,0,0,0,0,0,0,0.0,0,0,0,0,0
17:56:04,0,0,0,0,0,0,0,0,0,0.0,0,0,0,0,0
17:56:05,0,0,0,0,0,0,0,0,0,0.0,0,0,0,0,0
17:56:06,0,0,0,0,0,0,0,0,0,0.0,0,0,0,0,0
17:56:07,0,0,0,0,0,0,0,0,0,0.0,0,0,0,0,0
17:56:08,0,0,0,0,0,0,0,0,0,0.0,0,0,0,0,0
17:56:09,0,0,0,0,0,0,0,0,0,0.0,0,0,0,0,0
17:56:10,0,0,0,0,0,0,0,0,0,0.0,0,0,0,0,0
17:56:11,0,0,0,0,0,0,0,0,0,0.0,0,0,0,0,0
17:56:12,0,0,0,0,0,0,0,0,0,0.0,0,0,0,0,0
17:56:13,0,0,0,0,0,0,0,0,0,0.0,0,0,0,0,0
17:56:14,0,0,0,0,0,0,0,0,0,0.0,0,0,0,0,0
17:56:15,0,0,0,0,0,0,0,0,0,0.0,0,0,0,0,0
17:56:16,0,0,0,0,0,0,0,0,0,0.0,0,0,0,0,0
17:56:17,0,0,0,0,0,0,0,0,0,0.0,0,0,0,0,0
17:56:18,0,0,0,0,0,0,0,0,0,0.0,0,0,0,0,0
17:56:19,0,0,0,0,0,0,0,0,0,0.0,0,0,0,0,0
17:56:20,0,0,0,0,0,0,0,0,0,0.0,0,0,0,0,0
17:56:21,0,0,0,0,0,0,0,0,0,0.0,0,0,0,0,0
17:56:22,0,0,0,0,0,0,0,0,0,0.0,0,0,0,0,0
17:56:23,22,4,8,10,4,6,10,1,0,0.555555555556,5,1,12,10,0
17:56:24,0,0,0,0,0,0,0,0,0,0.0,0,0,0,0,0
17:56:25,0,0,0,0,0,0,0,0,0,0.0,0,0,0,0,0
17:56:26,0,0,0,0,0,0,0,0,0,0.0,0,0,0,0,0
17:56:27,0,0,0,0,0,0,0,0,0,0.0,0,0,0,0,0
17:56:28,0,0,0,0,0,0,0,0,0,0.0,0,0,0,0,0
17:56:29,0,0,0,0,0,0,0,0,0,0.0,0,0,0,0,0
17:56:30,0,0,0,0,0,0,0,0,0,0.0,0,0,0,0,0
17:56:31,0,0,0,0,0,0,0,0,0,0.0,0,0,0,0,0
17:56:32,0,0,0,0,0,0,0,0,0,0.0,0,0,0,0,0
17:56:33,0,0,0,0,0,0,0,0,0,0.0,0,0,0,0,0
17:56:34,0,0,0,0,0,0,0,0,0,0.0,0,0,0,0,0
17:56:35,0,0,0,0,0,0,0,0,0,0.0,0,0,0,0,0
17:56:36,0,0,0,0,0,0,0,0,0,0.0,0,0,0,0,0
17:56:37,0,0,0,0,0,0,0,0,0,0.0,0,0,0,0,0
17:56:38,0,0,0,0,0,0,0,0,0,0.0,0,0,0,0,0
17:56:39,0,0,0,0,0,0,0,0,0,0.0,0,0,0,0,0
17:56:40,0,0,0,0,0,0,0,0,0,0.0,0,0,0,0,0
17:56:41,0,0,0,0,0,0,0,0,0,0.0,0,0,0,0,0
17:56:42,0,0,0,0,0,0,0,0,0,0.0,0,0,0,0,0
17:56:43,0,0,0,0,0,0,0,0,0,0.0,0,0,0,0,0
17:56:44,0,0,0,0,0,0,0,0,0,0.0,0,0,0,0,0
17:56:45,0,0,0,0,0,0,0,0,0,0.0,0,0,0,0,0
17:56:46,0,0,0,0,0,0,0,0,0,0.0,0,0,0,0,0
17:56:47,0,0,0,0,0,0,0,0,0,0.0,0,0,0,0,0
17:56:48,0,0,0,0,0,0,0,0,0,0.0,0,0,0,0,0
17:56:49,0,0,0,0,0,0,0,0,0,0.0,0,0,0,0,0
17:56:50,0,0,0,0,0,0,0,0,0,0.0,0,0,0,0,0
17:56:51,0,0,0,0,0,0,0,0,0,0.0,0,0,0,0,0
17:56:52,0,0,0,0,0,0,0,0,0,0.0,0,0,0,0,0
17:56:53,64,3,34,10,4,6,9,1,0,0.0857142857143,3,1,39,23,2
17:56:54,0,0,0,0,0,0,0,0,0,0.0,0,0,0,0,0
17:56:55,0,0,0,0,0,0,0,0,0,0.0,0,0,0,0,0
17:56:56,0,0,0,0,0,0,0,0,0,0.0,0,0,0,0,0
17:56:57,0,0,0,0,0,0,0,0,0,0.0,0,0,0,0,0
17:56:58,0,0,0,0,0,0,0,0,0,0.0,0,0,0,0,0
17:56:59,0,0,0,0,0,0,0,0,0,0.0,0,0,0,0,0
17:57:00,0,0,0,0,0,0,0,0,0,0.0,0,0,0,0,0
17:57:01,0,0,0,0,0,0,0,0,0,0.0,0,0,0,0,0
17:57:02,0,0,0,0,0,0,0,0,0,0.0,0,0,0,0,0
17:57:03,0,0,0,0,0,0,0,0,0,0.0,0,0,0,0,0
17:57:04,0,0,0,0,0,0,0,0,0,0.0,0,0,0,0,0
17:57:05,0,0,0,0,0,0,0,0,0,0.0,0,0,0,0,0
17:57:06,0,0,0,0,0,0,0,0,0,0.0,0,0,0,0,0
17:57:07,0,0,0,0,0,0,0,0,0,0.0,0,0,0,0,0
17:57:08,0,0,0,0,0,0,0,0,0,0.0,0,0,0,0,0
17:57:09,0,0,0,0,0,0,0,0,0,0.0,0,0,0,0,0
17:57:10,0,0,0,0,0,0,0,0,0,0.0,0,0,0,0,0
17:57:11,0,0,0,0,0,0,0,0,0,0.0,0,0,0,0,0
17:57:12,0,0,0,0,0,0,0,0,0,0.0,0,0,0,0,0
17:57:13,0,0,0,0,0,0,0,0,0,0.0,0,0,0,0,0
17:57:14,0,0,0,0,0,0,0,0,0,0.0,0,0,0,0,0
17:57:15,0,0,0,0,0,0,0,0,0,0.0,0,0,0,0,0
17:57:16,0,0,0,0,0,0,0,0,0,0.0,0,0,0,0,0
17:57:17,0,0,0,0,0,0,0,0,0,0.0,0,0,0,0,0
17:57:18,0,0,0,0,0,0,0,0,0,0.0,0,0,0,0,0
17:57:19,0,0,0,0,0,0,0,0,0,0.0,0,0,0,0,0
17:57:20,0,0,0,0,0,0,0,0,0,0.0,0,0,0,0,0
17:57:21,0,0,0,0,0,0,0,0,0,0.0,0,0,0,0,0
17:57:22,0,0,0,0,0,0,0,0,0,0.0,0,0,0,0,0
17:57:23,46,0,29,11,4,6,8,0,0,0.0,0,0,2,39,5
17:57:24,0,0,0,0,0,0,0,0,0,0.0,0,0,0,0,0
17:57:25,0,0,0,0,0,0,0,0,0,0.0,0,0,0,0,0
17:57:26,0,0,0,0,0,0,0,0,0,0.0,0,0,0,0,0
17:57:27,0,0,0,0,0,0,0,0,0,0.0,0,0,0,0,0
17:57:28,0,0,0,0,0,0,0,0,0,0.0,0,0,0,0,0
17:57:29,0,0,0,0,0,0,0,0,0,0.0,0,0,0,0,0
17:57:30,0,0,0,0,0,0,0,0,0,0.0,0,0,0,0,0
17:57:31,0,0,0,0,0,0,0,0,0,0.0,0,0,0,0,0
17:57:32,0,0,0,0,0,0,0,0,0,0.0,0,0,0,0,0
17:57:33,0,0,0,0,0,0,0,0,0,0.0,0,0,0,0,0
17:57:34,0,0,0,0,0,0,0,0,0,0.0,0,0,0,0,0
17:57:35,0,0,0,0,0,0,0,0,0,0.0,0,0,0,0,0
17:57:36,0,0,0,0,0,0,0,0,0,0.0,0,0,0,0,0
17:57:37,0,0,0,0,0,0,0,0,0,0.0,0,0,0,0,0
17:57:38,0,0,0,0,0,0,0,0,0,0.0,0,0,0,0,0
17:57:39,0,0,0,0,0,0,0,0,0,0.0,0,0,0,0,0
17:57:40,0,0,0,0,0,0,0,0,0,0.0,0,0,0,0,0
17:57:41,0,0,0,0,0,0,0,0,0,0.0,0,0,0,0,0
17:57:42,0,0,0,0,0,0,0,0,0,0.0,0,0,0,0,0
17:57:43,0,0,0,0,0,0,0,0,0,0.0,0,0,0,0,0
17:57:44,0,0,0,0,0,0,0,0,0,0.0,0,0,0,0,0
17:57:45,0,0,0,0,0,0,0,0,0,0.0,0,0,0,0,0
17:57:46,0,0,0,0,0,0,0,0,0,0.0,0,0,0,0,0
17:57:47,0,0,0,0,0,0,0,0,0,0.0,0,0,0,0,0
17:57:48,0,0,0,0,0,0,0,0,0,0.0,0,0,0,0,0
17:57:49,0,0,0,0,0,0,0,0,0,0.0,0,0,0,0,0
17:57:50,0,0,0,0,0,0,0,0,0,0.0,0,0,0,0,0
17:57:51,0,0,0,0,0,0,0,0,0,0.0,0,0,0,0,0
17:57:52,0,0,0,0,0,0,0,0,0,0.0,0,0,0,0,0
17:57:53,0,0,0,0,0,0,0,0,0,0.0,0,0,0,0,0
17:57:54,119,3,79,16,4,7,429,1,1,0.0731707317073,3,3,34,50,35
17:57:55,0,0,0,0,0,0,0,0,0,0.0,0,0,0,0,0
17:57:56,0,0,0,0,0,0,0,0,0,0.0,0,0,0,0,0
17:57:57,0,0,0,0,0,0,0,0,0,0.0,0,0,0,0,0
17:57:58,0,0,0,0,0,0,0,0,0,0.0,0,0,0,0,0
17:57:59,0,0,0,0,0,0,0,0,0,0.0,0,0,0,0,0
17:58:00,0,0,0,0,0,0,0,0,0,0.0,0,0,0,0,0
17:58:01,0,0,0,0,0,0,0,0,0,0.0,0,0,0,0,0
17:58:02,0,0,0,0,0,0,0,0,0,0.0,0,0,0,0,0
17:58:03,0,0,0,0,0,0,0,0,0,0.0,0,0,0,0,0
17:58:04,0,0,0,0,0,0,0,0,0,0.0,0,0,0,0,0
17:58:05,0,0,0,0,0,0,0,0,0,0.0,0,0,0,0,0
17:58:06,0,0,0,0,0,0,0,0,0,0.0,0,0,0,0,0
17:58:07,0,0,0,0,0,0,0,0,0,0.0,0,0,0,0,0
17:58:08,0,0,0,0,0,0,0,0,0,0.0,0,0,0,0,0
17:58:09,0,0,0,0,0,0,0,0,0,0.0,0,0,0,0,0
17:58:10,0,0,0,0,0,0,0,0,0,0.0,0,0,0,0,0
17:58:11,0,0,0,0,0,0,0,0,0,0.0,0,0,0,0,0
17:58:12,0,0,0,0,0,0,0,0,0,0.0,0,0,0,0,0
17:58:13,0,0,0,0,0,0,0,0,0,0.0,0,0,0,0,0
17:58:14,0,0,0,0,0,0,0,0,0,0.0,0,0,0,0,0
17:58:15,0,0,0,0,0,0,0,0,0,0.0,0,0,0,0,0
17:58:16,0,0,0,0,0,0,0,0,0,0.0,0,0,0,0,0
17:58:17,0,0,0,0,0,0,0,0,0,0.0,0,0,0,0,0
17:58:18,0,0,0,0,0,0,0,0,0,0.0,0,0,0,0,0
17:58:19,0,0,0,0,0,0,0,0,0,0.0,0,0,0,0,0
17:58:20,0,0,0,0,0,0,0,0,0,0.0,0,0,0,0,0
17:58:21,0,0,0,0,0,0,0,0,0,0.0,0,0,0,0,0
17:58:22,0,0,0,0,0,0,0,0,0,0.0,0,0,0,0,0
17:58:23,0,0,0,0,0,0,0,0,0,0.0,0,0,0,0,0
17:58:24,0,0,0,0,0,0,0,0,0,0.0,0,0,0,0,0
17:58:25,27,0,12,9,4,6,31,0,0,0.0,0,0,14,9,4
17:58:26,0,0,0,0,0,0,0,0,0,0.0,0,0,0,0,0
17:58:27,0,0,0,0,0,0,0,0,0,0.0,0,0,0,0,0
17:58:28,0,0,0,0,0,0,0,0,0,0.0,0,0,0,0,0
17:58:29,0,0,0,0,0,0,0,0,0,0.0,0,0,0,0,0
17:58:30,0,0,0,0,0,0,0,0,0,0.0,0,0,0,0,0
17:58:31,0,0,0,0,0,0,0,0,0,0.0,0,0,0,0,0
17:58:32,0,0,0,0,0,0,0,0,0,0.0,0,0,0,0,0
17:58:33,0,0,0,0,0,0,0,0,0,0.0,0,0,0,0,0
17:58:34,0,0,0,0,0,0,0,0,0,0.0,0,0,0,0,0
17:58:35,0,0,0,0,0,0,0,0,0,0.0,0,0,0,0,0
17:58:36,0,0,0,0,0,0,0,0,0,0.0,0,0,0,0,0
17:58:37,0,0,0,0,0,0,0,0,0,0.0,0,0,0,0,0
17:58:38,0,0,0,0,0,0,0,0,0,0.0,0,0,0,0,0
17:58:39,0,0,0,0,0,0,0,0,0,0.0,0,0,0,0,0
17:58:40,0,0,0,0,0,0,0,0,0,0.0,0,0,0,0,0
17:58:41,0,0,0,0,0,0,0,0,0,0.0,0,0,0,0,0
17:58:42,0,0,0,0,0,0,0,0,0,0.0,0,0,0,0,0
17:58:43,0,0,0,0,0,0,0,0,0,0.0,0,0,0,0,0
17:58:44,0,0,0,0,0,0,0,0,0,0.0,0,0,0,0,0
17:58:45,0,0,0,0,0,0,0,0,0,0.0,0,0,0,0,0
17:58:46,0,0,0,0,0,0,0,0,0,0.0,0,0,0,0,0
17:58:47,0,0,0,0,0,0,0,0,0,0.0,0,0,0,0,0
17:58:48,0,0,0,0,0,0,0,0,0,0.0,0,0,0,0,0
17:58:49,0,0,0,0,0,0,0,0,0,0.0,0,0,0,0,0
17:58:50,0,0,0,0,0,0,0,0,0,0.0,0,0,0,0,0
17:58:51,0,0,0,0,0,0,0,0,0,0.0,0,0,0,0,0
17:58:52,0,0,0,0,0,0,0,0,0,0.0,0,0,0,0,0
17:58:53,0,0,0,0,0,0,0,0,0,0.0,0,0,0,0,0
17:58:54,0,0,0,0,0,0,0,0,0,0.0,0,0,0,0,0
17:58:55,75,3,47,17,4,7,409,1,2,0.142857142857,3,3,16,56,3
17:58:56,0,0,0,0,0,0,0,0,0,0.0,0,0,0,0,0
17:58:57,0,0,0,0,0,0,0,0,0,0.0,0,0,0,0,0
17:58:58,0,0,0,0,0,0,0,0,0,0.0,0,0,0,0,0
17:58:59,0,0,0,0,0,0,0,0,0,0.0,0,0,0,0,0
17:59:00,0,0,0,0,0,0,0,0,0,0.0,0,0,0,0,0
17:59:01,0,0,0,0,0,0,0,0,0,0.0,0,0,0,0,0
17:59:02,0,0,0,0,0,0,0,0,0,0.0,0,0,0,0,0
17:59:03,0,0,0,0,0,0,0,0,0,0.0,0,0,0,0,0
17:59:04,0,0,0,0,0,0,0,0,0,0.0,0,0,0,0,0
17:59:05,0,0,0,0,0,0,0,0,0,0.0,0,0,0,0,0
17:59:06,0,0,0,0,0,0,0,0,0,0.0,0,0,0,0,0
17:59:07,0,0,0,0,0,0,0,0,0,0.0,0,0,0,0,0
17:59:08,0,0,0,0,0,0,0,0,0,0.0,0,0,0,0,0
17:59:09,0,0,0,0,0,0,0,0,0,0.0,0,0,0,0,0
17:59:10,0,0,0,0,0,0,0,0,0,0.0,0,0,0,0,0
17:59:11,0,0,0,0,0,0,0,0,0,0.0,0,0,0,0,0
17:59:12,0,0,0,0,0,0,0,0,0,0.0,0,0,0,0,0
17:59:13,0,0,0,0,0,0,0,0,0,0.0,0,0,0,0,0
17:59:14,0,0,0,0,0,0,0,0,0,0.0,0,0,0,0,0
17:59:15,0,0,0,0,0,0,0,0,0,0.0,0,0,0,0,0
17:59:16,0,0,0,0,0,0,0,0,0,0.0,0,0,0,0,0
17:59:17,0,0,0,0,0,0,0,0,0,0.0,0,0,0,0,0
17:59:18,0,0,0,0,0,0,0,0,0,0.0,0,0,0,0,0
17:59:19,0,0,0,0,0,0,0,0,0,0.0,0,0,0,0,0
17:59:20,0,0,0,0,0,0,0,0,0,0.0,0,0,0,0,0
17:59:21,0,0,0,0,0,0,0,0,0,0.0,0,0,0,0,0
17:59:22,0,0,0,0,0,0,0,0,0,0.0,0,0,0,0,0
17:59:23,0,0,0,0,0,0,0,0,0,0.0,0,0,0,0,0
17:59:24,0,0,0,0,0,0,0,0,0,0.0,0,0,0,0,0
17:59:25,0,0,0,0,0,0,0,0,0,0.0,0,0,0,0,0
17:59:26,92,1,63,15,3,7,250,1,1,0.0606060606061,2,3,6,77,9
17:59:27,0,0,0,0,0,0,0,0,0,0.0,0,0,0,0,0
17:59:28,0,0,0,0,0,0,0,0,0,0.0,0,0,0,0,0
17:59:29,0,0,0,0,0,0,0,0,0,0.0,0,0,0,0,0
17:59:30,0,0,0,0,0,0,0,0,0,0.0,0,0,0,0,0
17:59:31,0,0,0,0,0,0,0,0,0,0.0,0,0,0,0,0
17:59:32,0,0,0,0,0,0,0,0,0,0.0,0,0,0,0,0
17:59:33,0,0,0,0,0,0,0,0,0,0.0,0,0,0,0,0
17:59:34,0,0,0,0,0,0,0,0,0,0.0,0,0,0,0,0
17:59:35,0,0,0,0,0,0,0,0,0,0.0,0,0,0,0,0
17:59:36,0,0,0,0,0,0,0,0,0,0.0,0,0,0,0,0
17:59:37,0,0,0,0,0,0,0,0,0,0.0,0,0,0,0,0
17:59:38,0,0,0,0,0,0,0,0,0,0.0,0,0,0,0,0
17:59:39,0,0,0,0,0,0,0,0,0,0.0,0,0,0,0,0
17:59:40,0,0,0,0,0,0,0,0,0,0.0,0,0,0,0,0
17:59:41,0,0,0,0,0,0,0,0,0,0.0,0,0,0,0,0
17:59:42,0,0,0,0,0,0,0,0,0,0.0,0,0,0,0,0
17:59:43,0,0,0,0,0,0,0,0,0,0.0,0,0,0,0,0
17:59:44,0,0,0,0,0,0,0,0,0,0.0,0,0,0,0,0
17:59:45,0,0,0,0,0,0,0,0,0,0.0,0,0,0,0,0
17:59:46,0,0,0,0,0,0,0,0,0,0.0,0,0,0,0,0
17:59:47,0,0,0,0,0,0,0,0,0,0.0,0,0,0,0,0
17:59:48,0,0,0,0,0,0,0,0,0,0.0,0,0,0,0,0
17:59:49,0,0,0,0,0,0,0,0,0,0.0,0,0,0,0,0
17:59:50,0,0,0,0,0,0,0,0,0,0.0,0,0,0,0,0
17:59:51,0,0,0,0,0,0,0,0,0,0.0,0,0,0,0,0
17:59:52,0,0,0,0,0,0,0,0,0,0.0,0,0,0,0,0
17:59:53,0,0,0,0,0,0,0,0,0,0.0,0,0,0,0,0
17:59:54,0,0,0,0,0,0,0,0,0,0.0,0,0,0,0,0
17:59:55,0,0,0,0,0,0,0,0,0,0.0,0,0,0,0,0
17:59:56,0,0,0,0,0,0,0,0,0,0.0,0,0,0,0,0
17:59:57,130,4,86,11,4,7,74,1,1,0.144444444444,6,4,8,121,1
17:59:58,0,0,0,0,0,0,0,0,0,0.0,0,0,0,0,0
17:59:59,0,0,0,0,0,0,0,0,0,0.0,0,0,0,0,0
19:55:00,0,0,0,0,0,0,0,0,0,0.0,0,0,0,0,0
19:55:01,0,0,0,0,0,0,0,0,0,0.0,0,0,0,0,0
19:55:02,0,0,0,0,0,0,0,0,0,0.0,0,0,0,0,0
19:55:03,0,0,0,0,0,0,0,0,0,0.0,0,0,0,0,0
19:55:04,0,0,0,0,0,0,0,0,0,0.0,0,0,0,0,0
19:55:05,0,0,0,0,0,0,0,0,0,0.0,0,0,0,0,0
19:55:06,0,0,0,0,0,0,0,0,0,0.0,0,0,0,0,0
19:55:07,0,0,0,0,0,0,0,0,0,0.0,0,0,0,0,0
19:55:08,0,0,0,0,0,0,0,0,0,0.0,0,0,0,0,0
19:55:09,0,0,0,0,0,0,0,0,0,0.0,0,0,0,0,0
19:55:10,0,0,0,0,0,0,0,0,0,0.0,0,0,0,0,0
19:55:11,41,3,13,13,4,6,37,1,0,0.214285714286,3,1,12,25,4
19:55:12,0,0,0,0,0,0,0,0,0,0.0,0,0,0,0,0
19:55:13,0,0,0,0,0,0,0,0,0,0.0,0,0,0,0,0
19:55:14,0,0,0,0,0,0,0,0,0,0.0,0,0,0,0,0
19:55:15,0,0,0,0,0,0,0,0,0,0.0,0,0,0,0,0
19:55:16,0,0,0,0,0,0,0,0,0,0.0,0,0,0,0,0
19:55:17,0,0,0,0,0,0,0,0,0,0.0,0,0,0,0,0
19:55:18,0,0,0,0,0,0,0,0,0,0.0,0,0,0,0,0
19:55:19,0,0,0,0,0,0,0,0,0,0.0,0,0,0,0,0
19:55:20,0,0,0,0,0,0,0,0,0,0.0,0,0,0,0,0
19:55:21,0,0,0,0,0,0,0,0,0,0.0,0,0,0,0,0
19:55:22,0,0,0,0,0,0,0,0,0,0.0,0,0,0,0,0
19:55:23,0,0,0,0,0,0,0,0,0,0.0,0,0,0,0,0
19:55:24,0,0,0,0,0,0,0,0,0,0.0,0,0,0,0,0
19:55:25,0,0,0,0,0,0,0,0,0,0.0,0,0,0,0,0
19:55:26,0,0,0,0,0,0,0,0,0,0.0,0,0,0,0,0
19:55:27,0,0,0,0,0,0,0,0,0,0.0,0,0,0,0,0
19:55:28,0,0,0,0,0,0,0,0,0,0.0,0,0,0,0,0
19:55:29,0,0,0,0,0,0,0,0,0,0.0,0,0,0,0,0
19:55:30,0,0,0,0,0,0,0,0,0,0.0,0,0,0,0,0
19:55:31,0,0,0,0,0,0,0,0,0,0.0,0,0,0,0,0
19:55:32,0,0,0,0,0,0,0,0,0,0.0,0,0,0,0,0
19:55:33,0,0,0,0,0,0,0,0,0,0.0,0,0,0,0,0
19:55:34,0,0,0,0,0,0,0,0,0,0.0,0,0,0,0,0
19:55:35,0,0,0,0,0,0,0,0,0,0.0,0,0,0,0,0
19:55:36,0,0,0,0,0,0,0,0,0,0.0,0,0,0,0,0
19:55:37,0,0,0,0,0,0,0,0,0,0.0,0,0,0,0,0
19:55:38,0,0,0,0,0,0,0,0,0,0.0,0,0,0,0,0
19:55:39,0,0,0,0,0,0,0,0,0,0.0,0,0,0,0,0
19:55:40,0,0,0,0,0,0,0,0,0,0.0,0,0,0,0,0
19:55:41,0,0,0,0,0,0,0,0,0,0.0,0,0,0,0,0
19:55:42,47,6,22,18,4,7,48,1,0,0.130434782609,3,1,11,33,3
19:55:43,0,0,0,0,0,0,0,0,0,0.0,0,0,0,0,0
19:55:44,0,0,0,0,0,0,0,0,0,0.0,0,0,0,0,0
19:55:45,0,0,0,0,0,0,0,0,0,0.0,0,0,0,0,0
19:55:46,0,0,0,0,0,0,0,0,0,0.0,0,0,0,0,0
19:55:47,0,0,0,0,0,0,0,0,0,0.0,0,0,0,0,0
19:55:48,0,0,0,0,0,0,0,0,0,0.0,0,0,0,0,0
19:55:49,0,0,0,0,0,0,0,0,0,0.0,0,0,0,0,0
19:55:50,0,0,0,0,0,0,0,0,0,0.0,0,0,0,0,0
19:55:51,0,0,0,0,0,0,0,0,0,0.0,0,0,0,0,0
19:55:52,0,0,0,0,0,0,0,0,0,0.0,0,0,0,0,0
19:55:53,0,0,0,0,0,0,0,0,0,0.0,0,0,0,0,0
19:55:54,0,0,0,0,0,0,0,0,0,0.0,0,0,0,0,0
19:55:55,0,0,0,0,0,0,0,0,0,0.0,0,0,0,0,0
19:55:56,0,0,0,0,0,0,0,0,0,0.0,0,0,0,0,0
19:55:57,0,0,0,0,0,0,0,0,0,0.0,0,0,0,0,0
19:55:58,0,0,0,0,0,0,0,0,0,0.0,0,0,0,0,0
19:55:59,0,0,0,0,0,0,0,0,0,0.0,0,0,0,0,0
19:56:00,0,0,0,0,0,0,0,0,0,0.0,0,0,0,0,0
19:56:01,0,0,0,0,0,0,0,0,0,0.0,0,0,0,0,0
19:56:02,0,0,0,0,0,0,0,0,0,0.0,0,0,0,0,0
19:56:03,0,0,0,0,0,0,0,0,0,0.0,0,0,0,0,0
19:56:04,0,0,0,0,0,0,0,0,0,0.0,0,0,0,0,0
19:56:05,0,0,0,0,0,0,0,0,0,0.0,0,0,0,0,0
19:56:06,0,0,0,0,0,0,0,0,0,0.0,0,0,0,0,0
19:56:07,0,0,0,0,0,0,0,0,0,0.0,0,0,0,0,0
19:56:08,0,0,0,0,0,0,0,0,0,0.0,0,0,0,0,0
19:56:09,0,0,0,0,0,0,0,0,0,0.0,0,0,0,0,0
19:56:10,0,0,0,0,0,0,0,0,0,0.0,0,0,0,0,0
19:56:11,0,0,0,0,0,0,0,0,0,0.0,0,0,0,0,0
19:56:12,0,0,0,0,0,0,0,0,0,0.0,0,0,0,0,0
19:56:13,52,14,26,22,4,7,33,0,0,0.0740740740741,2,1,14,35,3
19:56:14,0,0,0,0,0,0,0,0,0,0.0,0,0,0,0,0
19:56:15,0,0,0,0,0,0,0,0,0,0.0,0,0,0,0,0
19:56:16,0,0,0,0,0,0,0,0,0,0.0,0,0,0,0,0
19:56:17,0,0,0,0,0,0,0,0,0,0.0,0,0,0,0,0
19:56:18,0,0,0,0,0,0,0,0,0,0.0,0,0,0,0,0
19:56:19,0,0,0,0,0,0,0,0,0,0.0,0,0,0,0,0
19:56:20,0,0,0,0,0,0,0,0,0,0.0,0,0,0,0,0
19:56:21,0,0,0,0,0,0,0,0,0,0.0,0,0,0,0,0
19:56:22,0,0,0,0,0,0,0,0,0,0.0,0,0,0,0,0
19:56:23,0,0,0,0,0,0,0,0,0,0.0,0,0,0,0,0
19:56:24,0,0,0,0,0,0,0,0,0,0.0,0,0,0,0,0
19:56:25,0,0,0,0,0,0,0,0,0,0.0,0,0,0,0,0
19:56:26,0,0,0,0,0,0,0,0,0,0.0,0,0,0,0,0
19:56:27,0,0,0,0,0,0,0,0,0,0.0,0,0,0,0,0
19:56:28,0,0,0,0,0,0,0,0,0,0.0,0,0,0,0,0
19:56:29,0,0,0,0,0,0,0,0,0,0.0,0,0,0,0,0
19:56:30,0,0,0,0,0,0,0,0,0,0.0,0,0,0,0,0
19:56:31,0,0,0,0,0,0,0,0,0,0.0,0,0,0,0,0
19:56:32,0,0,0,0,0,0,0,0,0,0.0,0,0,0,0,0
19:56:33,0,0,0,0,0,0,0,0,0,0.0,0,0,0,0,0
19:56:34,0,0,0,0,0,0,0,0,0,0.0,0,0,0,0,0
19:56:35,0,0,0,0,0,0,0,0,0,0.0,0,0,0,0,0
19:56:36,0,0,0,0,0,0,0,0,0,0.0,0,0,0,0,0
19:56:37,0,0,0,0,0,0,0,0,0,0.0,0,0,0,0,0
19:56:38,0,0,0,0,0,0,0,0,0,0.0,0,0,0,0,0
19:56:39,0,0,0,0,0,0,0,0,0,0.0,0,0,0,0,0
19:56:40,0,0,0,0,0,0,0,0,0,0.0,0,0,0,0,0
19:56:41,0,0,0,0,0,0,0,0,0,0.0,0,0,0,0,0
19:56:42,0,0,0,0,0,0,0,0,0,0.0,0,0,0,0,0
19:56:43,0,0,0,0,0,0,0,0,0,0.0,0,0,0,0,0
19:56:44,80,1,46,14,4,6,68,2,1,0.26,4,4,10,53,17
19:56:45,0,0,0,0,0,0,0,0,0,0.0,0,0,0,0,0
19:56:46,0,0,0,0,0,0,0,0,0,0.0,0,0,0,0,0
19:56:47,0,0,0,0,0,0,0,0,0,0.0,0,0,0,0,0
19:56:48,0,0,0,0,0,0,0,0,0,0.0,0,0,0,0,0
19:56:49,0,0,0,0,0,0,0,0,0,0.0,0,0,0,0,0
19:56:50,0,0,0,0,0,0,0,0,0,0.0,0,0,0,0,0
19:56:51,0,0,0,0,0,0,0,0,0,0.0,0,0,0,0,0
19:56:52,0,0,0,0,0,0,0,0,0,0.0,0,0,0,0,0
19:56:53,0,0,0,0,0,0,0,0,0,0.0,0,0,0,0,0
19:56:54,0,0,0,0,0,0,0,0,0,0.0,0,0,0,0,0
19:56:55,0,0,0,0,0,0,0,0,0,0.0,0,0,0,0,0
19:56:56,0,0,0,0,0,0,0,0,0,0.0,0,0,0,0,0
19:56:57,0,0,0,0,0,0,0,0,0,0.0,0,0,0,0,0
19:56:58,0,0,0,0,0,0,0,0,0,0.0,0,0,0,0,0
19:56:59,0,0,0,0,0,0,0,0,0,0.0,0,0,0,0,0
19:57:00,0,0,0,0,0,0,0,0,0,0.0,0,0,0,0,0
19:57:01,0,0,0,0,0,0,0,0,0,0.0,0,0,0,0,0
19:57:02,0,0,0,0,0,0,0,0,0,0.0,0,0,0,0,0
19:57:03,0,0,0,0,0,0,0,0,0,0.0,0,0,0,0,0
19:57:04,0,0,0,0,0,0,0,0,0,0.0,0,0,0,0,0
19:57:05,0,0,0,0,0,0,0,0,0,0.0,0,0,0,0,0
19:57:06,0,0,0,0,0,0,0,0,0,0.0,0,0,0,0,0
19:57:07,0,0,0,0,0,0,0,0,0,0.0,0,0,0,0,0
19:57:08,0,0,0,0,0,0,0,0,0,0.0,0,0,0,0,0
19:57:09,0,0,0,0,0,0,0,0,0,0.0,0,0,0,0,0
19:57:10,0,0,0,0,0,0,0,0,0,0.0,0,0,0,0,0
19:57:11,0,0,0,0,0,0,0,0,0,0.0,0,0,0,0,0
19:57:12,0,0,0,0,0,0,0,0,0,0.0,0,0,0,0,0
19:57:13,0,0,0,0,0,0,0,0,0,0.0,0,0,0,0,0
19:57:14,0,0,0,0,0,0,0,0,0,0.0,0,0,0,0,0
19:57:15,46,3,20,15,4,7,52,2,2,0.833333333333,7,4,9,33,4
19:57:16,0,0,0,0,0,0,0,0,0,0.0,0,0,0,0,0
19:57:17,0,0,0,0,0,0,0,0,0,0.0,0,0,0,0,0
19:57:18,0,0,0,0,0,0,0,0,0,0.0,0,0,0,0,0
19:57:19,0,0,0,0,0,0,0,0,0,0.0,0,0,0,0,0
19:57:20,0,0,0,0,0,0,0,0,0,0.0,0,0,0,0,0
19:57:21,0,0,0,0,0,0,0,0,0,0.0,0,0,0,0,0
19:57:22,0,0,0,0,0,0,0,0,0,0.0,0,0,0,0,0
19:57:23,0,0,0,0,0,0,0,0,0,0.0,0,0,0,0,0
19:57:24,0,0,0,0,0,0,0,0,0,0.0,0,0,0,0,0
19:57:25,0,0,0,0,0,0,0,0,0,0.0,0,0,0,0,0
19:57:26,0,0,0,0,0,0,0,0,0,0.0,0,0,0,0,0
19:57:27,0,0,0,0,0,0,0,0,0,0.0,0,0,0,0,0
19:57:28,0,0,0,0,0,0,0,0,0,0.0,0,0,0,0,0
19:57:29,0,0,0,0,0,0,0,0,0,0.0,0,0,0,0,0
19:57:30,0,0,0,0,0,0,0,0,0,0.0,0,0,0,0,0
19:57:31,0,0,0,0,0,0,0,0,0,0.0,0,0,0,0,0
19:57:32,0,0,0,0,0,0,0,0,0,0.0,0,0,0,0,0
19:57:33,0,0,0,0,0,0,0,0,0,0.0,0,0,0,0,0
19:57:34,0,0,0,0,0,0,0,0,0,0.0,0,0,0,0,0
19:57:35,0,0,0,0,0,0,0,0,0,0.0,0,0,0,0,0
19:57:36,0,0,0,0,0,0,0,0,0,0.0,0,0,0,0,0
19:57:37,0,0,0,0,0,0,0,0,0,0.0,0,0,0,0,0
19:57:38,0,0,0,0,0,0,0,0,0,0.0,0,0,0,0,0
19:57:39,0,0,0,0,0,0,0,0,0,0.0,0,0,0,0,0
19:57:40,0,0,0,0,0,0,0,0,0,0.0,0,0,0,0,0
19:57:41,0,0,0,0,0,0,0,0,0,0.0,0,0,0,0,0
19:57:42,0,0,0,0,0,0,0,0,0,0.0,0,0,0,0,0
19:57:43,0,0,0,0,0,0,0,0,0,0.0,0,0,0,0,0
19:57:44,47,3,28,14,4,7,48,0,0,0.0,0,0,13,33,1
19:57:45,0,0,0,0,0,0,0,0,0,0.0,0,0,0,0,0
19:57:46,0,0,0,0,0,0,0,0,0,0.0,0,0,0,0,0
19:57:47,0,0,0,0,0,0,0,0,0,0.0,0,0,0,0,0
19:57:48,0,0,0,0,0,0,0,0,0,0.0,0,0,0,0,0
19:57:49,0,0,0,0,0,0,0,0,0,0.0,0,0,0,0,0
19:57:50,0,0,0,0,0,0,0,0,0,0.0,0,0,0,0,0
19:57:51,0,0,0,0,0,0,0,0,0,0.0,0,0,0,0,0
19:57:52,0,0,0,0,0,0,0,0,0,0.0,0,0,0,0,0
19:57:53,0,0,0,0,0,0,0,0,0,0.0,0,0,0,0,0
19:57:54,0,0,0,0,0,0,0,0,0,0.0,0,0,0,0,0
19:57:55,0,0,0,0,0,0,0,0,0,0.0,0,0,0,0,0
19:57:56,0,0,0,0,0,0,0,0,0,0.0,0,0,0,0,0
19:57:57,0,0,0,0,0,0,0,0,0,0.0,0,0,0,0,0
19:57:58,0,0,0,0,0,0,0,0,0,0.0,0,0,0,0,0
19:57:59,0,0,0,0,0,0,0,0,0,0.0,0,0,0,0,0
19:58:00,0,0,0,0,0,0,0,0,0,0.0,0,0,0,0,0
19:58:01,0,0,0,0,0,0,0,0,0,0.0,0,0,0,0,0
19:58:02,0,0,0,0,0,0,0,0,0,0.0,0,0,0,0,0
19:58:03,0,0,0,0,0,0,0,0,0,0.0,0,0,0,0,0
19:58:04,0,0,0,0,0,0,0,0,0,0.0,0,0,0,0,0
19:58:05,0,0,0,0,0,0,0,0,0,0.0,0,0,0,0,0
19:58:06,0,0,0,0,0,0,0,0,0,0.0,0,0,0,0,0
19:58:07,0,0,0,0,0,0,0,0,0,0.0,0,0,0,0,0
19:58:08,0,0,0,0,0,0,0,0,0,0.0,0,0,0,0,0
19:58:09,0,0,0,0,0,0,0,0,0,0.0,0,0,0,0,0
19:58:10,0,0,0,0,0,0,0,0,0,0.0,0,0,0,0,0
19:58:11,0,0,0,0,0,0,0,0,0,0.0,0,0,0,0,0
19:58:12,0,0,0,0,0,0,0,0,0,0.0,0,0,0,0,0
19:58:13,0,0,0,0,0,0,0,0,0,0.0,0,0,0,0,0
19:58:14,0,0,0,0,0,0,0,0,0,0.0,0,0,0,0,0
19:58:15,27,5,5,13,4,7,11,1,3,2.22222222222,6,4,3,21,3
19:58:16,0,0,0,0,0,0,0,0,0,0.0,0,0,0,0,0
19:58:17,0,0,0,0,0,0,0,0,0,0.0,0,0,0,0,0
19:58:18,0,0,0,0,0,0,0,0,0,0.0,0,0,0,0,0
19:58:19,0,0,0,0,0,0,0,0,0,0.0,0,0,0,0,0
19:58:20,0,0,0,0,0,0,0,0,0,0.0,0,0,0,0,0
19:58:21,0,0,0,0,0,0,0,0,0,0.0,0,0,0,0,0
19:58:22,0,0,0,0,0,0,0,0,0,0.0,0,0,0,0,0
19:58:23,0,0,0,0,0,0,0,0,0,0.0,0,0,0,0,0
19:58:24,0,0,0,0,0,0,0,0,0,0.0,0,0,0,0,0
19:58:25,0,0,0,0,0,0,0,0,0,0.0,0,0,0,0,0
19:58:26,0,0,0,0,0,0,0,0,0,0.0,0,0,0,0,0
19:58:27,0,0,0,0,0,0,0,0,0,0.0,0,0,0,0,0
19:58:28,0,0,0,0,0,0,0,0,0,0.0,0,0,0,0,0
19:58:29,0,0,0,0,0,0,0,0,0,0.0,0,0,0,0,0
19:58:30,0,0,0,0,0,0,0,0,0,0.0,0,0,0,0,0
19:58:31,0,0,0,0,0,0,0,0,0,0.0,0,0,0,0,0
19:58:32,0,0,0,0,0,0,0,0,0,0.0,0,0,0,0,0
19:58:33,0,0,0,0,0,0,0,0,0,0.0,0,0,0,0,0
19:58:34,0,0,0,0,0,0,0,0,0,0.0,0,0,0,0,0
19:58:35,0,0,0,0,0,0,0,0,0,0.0,0,0,0,0,0
19:58:36,0,0,0,0,0,0,0,0,0,0.0,0,0,0,0,0
19:58:37,0,0,0,0,0,0,0,0,0,0.0,0,0,0,0,0
19:58:38,0,0,0,0,0,0,0,0,0,0.0,0,0,0,0,0
19:58:39,0,0,0,0,0,0,0,0,0,0.0,0,0,0,0,0
19:58:40,0,0,0,0,0,0,0,0,0,0.0,0,0,0,0,0
19:58:41,0,0,0,0,0,0,0,0,0,0.0,0,0,0,0,0
19:58:42,0,0,0,0,0,0,0,0,0,0.0,0,0,0,0,0
19:58:43,0,0,0,0,0,0,0,0,0,0.0,0,0,0,0,0
19:58:44,0,0,0,0,0,0,0,0,0,0.0,0,0,0,0,0
19:58:45,0,0,0,0,0,0,0,0,0,0.0,0,0,0,0,0
19:58:46,53,1,23,14,4,7,32,2,2,0.928571428571,8,5,3,48,2
19:58:47,0,0,0,0,0,0,0,0,0,0.0,0,0,0,0,0
19:58:48,0,0,0,0,0,0,0,0,0,0.0,0,0,0,0,0
19:58:49,0,0,0,0,0,0,0,0,0,0.0,0,0,0,0,0
19:58:50,0,0,0,0,0,0,0,0,0,0.0,0,0,0,0,0
19:58:51,0,0,0,0,0,0,0,0,0,0.0,0,0,0,0,0
19:58:52,0,0,0,0,0,0,0,0,0,0.0,0,0,0,0,0
19:58:53,0,0,0,0,0,0,0,0,0,0.0,0,0,0,0,0
19:58:54,0,0,0,0,0,0,0,0,0,0.0,0,0,0,0,0
19:58:55,0,0,0,0,0,0,0,0,0,0.0,0,0,0,0,0
19:58:56,0,0,0,0,0,0,0,0,0,0.0,0,0,0,0,0
19:58:57,0,0,0,0,0,0,0,0,0,0.0,0,0,0,0,0
19:58:58,0,0,0,0,0,0,0,0,0,0.0,0,0,0,0,0
19:58:59,0,0,0,0,0,0,0,0,0,0.0,0,0,0,0,0
19:59:00,0,0,0,0,0,0,0,0,0,0.0,0,0,0,0,0
19:59:01,0,0,0,0,0,0,0,0,0,0.0,0,0,0,0,0
19:59:02,0,0,0,0,0,0,0,0,0,0.0,0,0,0,0,0
19:59:03,0,0,0,0,0,0,0,0,0,0.0,0,0,0,0,0
19:59:04,0,0,0,0,0,0,0,0,0,0.0,0,0,0,0,0
19:59:05,0,0,0,0,0,0,0,0,0,0.0,0,0,0,0,0
19:59:06,0,0,0,0,0,0,0,0,0,0.0,0,0,0,0,0
19:59:07,0,0,0,0,0,0,0,0,0,0.0,0,0,0,0,0
19:59:08,0,0,0,0,0,0,0,0,0,0.0,0,0,0,0,0
19:59:09,0,0,0,0,0,0,0,0,0,0.0,0,0,0,0,0
19:59:10,0,0,0,0,0,0,0,0,0,0.0,0,0,0,0,0
19:59:11,0,0,0,0,0,0,0,0,0,0.0,0,0,0,0,0
19:59:12,0,0,0,0,0,0,0,0,0,0.0,0,0,0,0,0
19:59:13,0,0,0,0,0,0,0,0,0,0.0,0,0,0,0,0
19:59:14,0,0,0,0,0,0,0,0,0,0.0,0,0,0,0,0
19:59:15,0,0,0,0,0,0,0,0,0,0.0,0,0,0,0,0
19:59:16,0,0,0,0,0,0,0,0,0,0.0,0,0,0,0,0
19:59:17,39,4,8,13,3,7,51,2,3,2.61538461538,8,5,7,30,1
19:59:18,0,0,0,0,0,0,0,0,0,0.0,0,0,0,0,0
19:59:19,0,0,0,0,0,0,0,0,0,0.0,0,0,0,0,0
19:59:20,0,0,0,0,0,0,0,0,0,0.0,0,0,0,0,0
19:59:21,0,0,0,0,0,0,0,0,0,0.0,0,0,0,0,0
19:59:22,0,0,0,0,0,0,0,0,0,0.0,0,0,0,0,0
19:59:23,0,0,0,0,0,0,0,0,0,0.0,0,0,0,0,0
19:59:24,0,0,0,0,0,0,0,0,0,0.0,0,0,0,0,0
19:59:25,0,0,0,0,0,0,0,0,0,0.0,0,0,0,0,0
19:59:26,0,0,0,0,0,0,0,0,0,0.0,0,0,0,0,0
19:59:27,0,0,0,0,0,0,0,0,0,0.0,0,0,0,0,0
19:59:28,0,0,0,0,0,0,0,0,0,0.0,0,0,0,0,0
19:59:29,0,0,0,0,0,0,0,0,0,0.0,0,0,0,0,0
19:59:30,0,0,0,0,0,0,0,0,0,0.0,0,0,0,0,0
19:59:31,0,0,0,0,0,0,0,0,0,0.0,0,0,0,0,0
19:59:32,0,0,0,0,0,0,0,0,0,0.0,0,0,0,0,0
19:59:33,0,0,0,0,0,0,0,0,0,0.0,0,0,0,0,0
19:59:34,0,0,0,0,0,0,0,0,0,0.0,0,0,0,0,0
19:59:35,0,0,0,0,0,0,0,0,0,0.0,0,0,0,0,0
19:59:36,0,0,0,0,0,0,0,0,0,0.0,0,0,0,0,0
19:59:37,0,0,0,0,0,0,0,0,0,0.0,0,0,0,0,0
19:59:38,0,0,0,0,0,0,0,0,0,0.0,0,0,0,0,0
19:59:39,0,0,0,0,0,0,0,0,0,0.0,0,0,0,0,0
19:59:40,0,0,0,0,0,0,0,0,0,0.0,0,0,0,0,0
19:59:41,0,0,0,0,0,0,0,0,0,0.0,0,0,0,0,0
19:59:42,0,0,0,0,0,0,0,0,0,0.0,0,0,0,0,0
19:59:43,0,0,0,0,0,0,0,0,0,0.0,0,0,0,0,0
19:59:44,0,0,0,0,0,0,0,0,0,0.0,0,0,0,0,0
19:59:45,0,0,0,0,0,0,0,0,0,0.0,0,0,0,0,0
19:59:46,0,0,0,0,0,0,0,0,0,0.0,0,0,0,0,0
19:59:47,0,0,0,0,0,0,0,0,0,0.0,0,0,0,0,0
19:59:48,39,6,15,12,4,6,24,0,2,0.444444444444,5,3,7,27,5
19:59:49,0,0,0,0,0,0,0,0,0,0.0,0,0,0,0,0
19:59:50,0,0,0,0,0,0,0,0,0,0.0,0,0,0,0,0
19:59:51,0,0,0,0,0,0,0,0,0,0.0,0,0,0,0,0
19:59:52,0,0,0,0,0,0,0,0,0,0.0,0,0,0,0,0
19:59:53,0,0,0,0,0,0,0,0,0,0.0,0,0,0,0,0
19:59:54,0,0,0,0,0,0,0,0,0,0.0,0,0,0,0,0
19:59:55,0,0,0,0,0,0,0,0,0,0.0,0,0,0,0,0
19:59:56,0,0,0,0,0,0,0,0,0,0.0,0,0,0,0,0
19:59:57,0,0,0,0,0,0,0,0,0,0.0,0,0,0,0,0
19:59:58,0,0,0,0,0,0,0,0,0,0.0,0,0,0,0,0
19:59:59,0,0,0,0,0,0,0,0,0,0.0,0,0,0,0,0
21:55:00,28,4,13,10,4,6,24,0,0,0.0,0,0,19,7,2
21:55:01,0,0,0,0,0,0,0,0,0,0.0,0,0,0,0,0
21:55:02,0,0,0,0,0,0,0,0,0,0.0,0,0,0,0,0
21:55:03,0,0,0,0,0,0,0,0,0,0.0,0,0,0,0,0
21:55:04,0,0,0,0,0,0,0,0,0,0.0,0,0,0,0,0
21:55:05,0,0,0,0,0,0,0,0,0,0.0,0,0,0,0,0
21:55:06,0,0,0,0,0,0,0,0,0,0.0,0,0,0,0,0
21:55:07,0,0,0,0,0,0,0,0,0,0.0,0,0,0,0,0
21:55:08,0,0,0,0,0,0,0,0,0,0.0,0,0,0,0,0
21:55:09,0,0,0,0,0,0,0,0,0,0.0,0,0,0,0,0
21:55:10,0,0,0,0,0,0,0,0,0,0.0,0,0,0,0,0
21:55:11,0,0,0,0,0,0,0,0,0,0.0,0,0,0,0,0
21:55:12,0,0,0,0,0,0,0,0,0,0.0,0,0,0,0,0
21:55:13,0,0,0,0,0,0,0,0,0,0.0,0,0,0,0,0
21:55:14,0,0,0,0,0,0,0,0,0,0.0,0,0,0,0,0
21:55:15,0,0,0,0,0,0,0,0,0,0.0,0,0,0,0,0
21:55:16,0,0,0,0,0,0,0,0,0,0.0,0,0,0,0,0
21:55:17,0,0,0,0,0,0,0,0,0,0.0,0,0,0,0,0
21:55:18,0,0,0,0,0,0,0,0,0,0.0,0,0,0,0,0
21:55:19,0,0,0,0,0,0,0,0,0,0.0,0,0,0,0,0
21:55:20,0,0,0,0,0,0,0,0,0,0.0,0,0,0,0,0
21:55:21,0,0,0,0,0,0,0,0,0,0.0,0,0,0,0,0
21:55:22,0,0,0,0,0,0,0,0,0,0.0,0,0,0,0,0
21:55:23,0,0,0,0,0,0,0,0,0,0.0,0,0,0,0,0
21:55:24,0,0,0,0,0,0,0,0,0,0.0,0,0,0,0,0
21:55:25,0,0,0,0,0,0,0,0,0,0.0,0,0,0,0,0
21:55:26,0,0,0,0,0,0,0,0,0,0.0,0,0,0,0,0
21:55:27,0,0,0,0,0,0,0,0,0,0.0,0,0,0,0,0
21:55:28,0,0,0,0,0,0,0,0,0,0.0,0,0,0,0,0
21:55:29,0,0,0,0,0,0,0,0,0,0.0,0,0,0,0,0
21:55:30,0,0,0,0,0,0,0,0,0,0.0,0,0,0,0,0
21:55:31,30,12,15,15,4,7,65,0,1,0.3125,5,1,8,21,1
21:55:32,0,0,0,0,0,0,0,0,0,0.0,0,0,0,0,0
21:55:33,0,0,0,0,0,0,0,0,0,0.0,0,0,0,0,0
21:55:34,0,0,0,0,0,0,0,0,0,0.0,0,0,0,0,0
21:55:35,0,0,0,0,0,0,0,0,0,0.0,0,0,0,0,0
21:55:36,0,0,0,0,0,0,0,0,0,0.0,0,0,0,0,0
21:55:37,0,0,0,0,0,0,0,0,0,0.0,0,0,0,0,0
21:55:38,0,0,0,0,0,0,0,0,0,0.0,0,0,0,0,0
21:55:39,0,0,0,0,0,0,0,0,0,0.0,0,0,0,0,0
21:55:40,0,0,0,0,0,0,0,0,0,0.0,0,0,0,0,0
21:55:41,0,0,0,0,0,0,0,0,0,0.0,0,0,0,0,0
21:55:42,0,0,0,0,0,0,0,0,0,0.0,0,0,0,0,0
21:55:43,0,0,0,0,0,0,0,0,0,0.0,0,0,0,0,0
21:55:44,0,0,0,0,0,0,0,0,0,0.0,0,0,0,0,0
21:55:45,0,0,0,0,0,0,0,0,0,0.0,0,0,0,0,0
21:55:46,0,0,0,0,0,0,0,0,0,0.0,0,0,0,0,0
21:55:47,0,0,0,0,0,0,0,0,0,0.0,0,0,0,0,0
21:55:48,0,0,0,0,0,0,0,0,0,0.0,0,0,0,0,0
21:55:49,0,0,0,0,0,0,0,0,0,0.0,0,0,0,0,0
21:55:50,0,0,0,0,0,0,0,0,0,0.0,0,0,0,0,0
21:55:51,0,0,0,0,0,0,0,0,0,0.0,0,0,0,0,0
21:55:52,0,0,0,0,0,0,0,0,0,0.0,0,0,0,0,0
21:55:53,0,0,0,0,0,0,0,0,0,0.0,0,0,0,0,0
21:55:54,0,0,0,0,0,0,0,0,0,0.0,0,0,0,0,0
21:55:55,0,0,0,0,0,0,0,0,0,0.0,0,0,0,0,0
21:55:56,0,0,0,0,0,0,0,0,0,0.0,0,0,0,0,0
21:55:57,0,0,0,0,0,0,0,0,0,0.0,0,0,0,0,0
21:55:58,0,0,0,0,0,0,0,0,0,0.0,0,0,0,0,0
21:55:59,0,0,0,0,0,0,0,0,0,0.0,0,0,0,0,0
21:56:00,0,0,0,0,0,0,0,0,0,0.0,0,0,0,0,0
21:56:01,0,0,0,0,0,0,0,0,0,0.0,0,0,0,0,0
21:56:02,32,0,14,14,4,6,47,1,0,0.266666666667,4,1,17,11,4
21:56:03,0,0,0,0,0,0,0,0,0,0.0,0,0,0,0,0
21:56:04,0,0,0,0,0,0,0,0,0,0.0,0,0,0,0,0
21:56:05,0,0,0,0,0,0,0,0,0,0.0,0,0,0,0,0
21:56:06,0,0,0,0,0,0,0,0,0,0.0,0,0,0,0,0
21:56:07,0,0,0,0,0,0,0,0,0,0.0,0,0,0,0,0
21:56:08,0,0,0,0,0,0,0,0,0,0.0,0,0,0,0,0
21:56:09,0,0,0,0,0,0,0,0,0,0.0,0,0,0,0,0
21:56:10,0,0,0,0,0,0,0,0,0,0.0,0,0,0,0,0
21:56:11,0,0,0,0,0,0,0,0,0,0.0,0,0,0,0,0
21:56:12,0,0,0,0,0,0,0,0,0,0.0,0,0,0,0,0
21:56:13,0,0,0,0,0,0,0,0,0,0.0,0,0,0,0,0
21:56:14,0,0,0,0,0,0,0,0,0,0.0,0,0,0,0,0
21:56:15,0,0,0,0,0,0,0,0,0,0.0,0,0,0,0,0
21:56:16,0,0,0,0,0,0,0,0,0,0.0,0,0,0,0,0
21:56:17,0,0,0,0,0,0,0,0,0,0.0,0,0,0,0,0
21:56:18,0,0,0,0,0,0,0,0,0,0.0,0,0,0,0,0
21:56:19,0,0,0,0,0,0,0,0,0,0.0,0,0,0,0,0
21:56:20,0,0,0,0,0,0,0,0,0,0.0,0,0,0,0,0
21:56:21,0,0,0,0,0,0,0,0,0,0.0,0,0,0,0,0
21:56:22,0,0,0,0,0,0,0,0,0,0.0,0,0,0,0,0
21:56:23,0,0,0,0,0,0,0,0,0,0.0,0,0,0,0,0
21:56:24,0,0,0,0,0,0,0,0,0,0.0,0,0,0,0,0
21:56:25,0,0,0,0,0,0,0,0,0,0.0,0,0,0,0,0
21:56:26,0,0,0,0,0,0,0,0,0,0.0,0,0,0,0,0
21:56:27,0,0,0,0,0,0,0,0,0,0.0,0,0,0,0,0
21:56:28,0,0,0,0,0,0,0,0,0,0.0,0,0,0,0,0
21:56:29,0,0,0,0,0,0,0,0,0,0.0,0,0,0,0,0
21:56:30,0,0,0,0,0,0,0,0,0,0.0,0,0,0,0,0
21:56:31,0,0,0,0,0,0,0,0,0,0.0,0,0,0,0,0
21:56:32,0,0,0,0,0,0,0,0,0,0.0,0,0,0,0,0
21:56:33,39,4,17,15,4,6,54,2,0,0.55,6,3,15,14,10
21:56:34,0,0,0,0,0,0,0,0,0,0.0,0,0,0,0,0
21:56:35,0,0,0,0,0,0,0,0,0,0.0,0,0,0,0,0
21:56:36,0,0,0,0,0,0,0,0,0,0.0,0,0,0,0,0
21:56:37,0,0,0,0,0,0,0,0,0,0.0,0,0,0,0,0
21:56:38,0,0,0,0,0,0,0,0,0,0.0,0,0,0,0,0
21:56:39,0,0,0,0,0,0,0,0,0,0.0,0,0,0,0,0
21:56:40,0,0,0,0,0,0,0,0,0,0.0,0,0,0,0,0
21:56:41,0,0,0,0,0,0,0,0,0,0.0,0,0,0,0,0
21:56:42,0,0,0,0,0,0,0,0,0,0.0,0,0,0,0,0
21:56:43,0,0,0,0,0,0,0,0,0,0.0,0,0,0,0,0
21:56:44,0,0,0,0,0,0,0,0,0,0.0,0,0,0,0,0
21:56:45,0,0,0,0,0,0,0,0,0,0.0,0,0,0,0,0
21:56:46,0,0,0,0,0,0,0,0,0,0.0,0,0,0,0,0
21:56:47,0,0,0,0,0,0,0,0,0,0.0,0,0,0,0,0
21:56:48,0,0,0,0,0,0,0,0,0,0.0,0,0,0,0,0
21:56:49,0,0,0,0,0,0,0,0,0,0.0,0,0,0,0,0
21:56:50,0,0,0,0,0,0,0,0,0,0.0,0,0,0,0,0
21:56:51,0,0,0,0,0,0,0,0,0,0.0,0,0,0,0,0
21:56:52,0,0,0,0,0,0,0,0,0,0.0,0,0,0,0,0
21:56:53,0,0,0,0,0,0,0,0,0,0.0,0,0,0,0,0
21:56:54,0,0,0,0,0,0,0,0,0,0.0,0,0,0,0,0
21:56:55,0,0,0,0,0,0,0,0,0,0.0,0,0,0,0,0
21:56:56,0,0,0,0,0,0,0,0,0,0.0,0,0,0,0,0
21:56:57,0,0,0,0,0,0,0,0,0,0.0,0,0,0,0,0
21:56:58,0,0,0,0,0,0,0,0,0,0.0,0,0,0,0,0
21:56:59,0,0,0,0,0,0,0,0,0,0.0,0,0,0,0,0
21:57:00,0,0,0,0,0,0,0,0,0,0.0,0,0,0,0,0
21:57:01,0,0,0,0,0,0,0,0,0,0.0,0,0,0,0,0
21:57:02,0,0,0,0,0,0,0,0,0,0.0,0,0,0,0,0
21:57:03,44,1,18,14,4,7,53,3,1,0.863636363636,6,4,15,26,3
21:57:04,0,0,0,0,0,0,0,0,0,0.0,0,0,0,0,0
21:57:05,0,0,0,0,0,0,0,0,0,0.0,0,0,0,0,0
21:57:06,0,0,0,0,0,0,0,0,0,0.0,0,0,0,0,0
21:57:07,0,0,0,0,0,0,0,0,0,0.0,0,0,0,0,0
21:57:08,0,0,0,0,0,0,0,0,0,0.0,0,0,0,0,0
21:57:09,0,0,0,0,0,0,0,0,0,0.0,0,0,0,0,0
21:57:10,0,0,0,0,0,0,0,0,0,0.0,0,0,0,0,0
21:57:11,0,0,0,0,0,0,0,0,0,0.0,0,0,0,0,0
21:57:12,0,0,0,0,0,0,0,0,0,0.0,0,0,0,0,0
21:57:13,0,0,0,0,0,0,0,0,0,0.0,0,0,0,0,0
21:57:14,0,0,0,0,0,0,0,0,0,0.0,0,0,0,0,0
21:57:15,0,0,0,0,0,0,0,0,0,0.0,0,0,0,0,0
21:57:16,0,0,0,0,0,0,0,0,0,0.0,0,0,0,0,0
21:57:17,0,0,0,0,0,0,0,0,0,0.0,0,0,0,0,0
21:57:18,0,0,0,0,0,0,0,0,0,0.0,0,0,0,0,0
21:57:19,0,0,0,0,0,0,0,0,0,0.0,0,0,0,0,0
21:57:20,0,0,0,0,0,0,0,0,0,0.0,0,0,0,0,0
21:57:21,0,0,0,0,0,0,0,0,0,0.0,0,0,0,0,0
21:57:22,0,0,0,0,0,0,0,0,0,0.0,0,0,0,0,0
21:57:23,0,0,0,0,0,0,0,0,0,0.0,0,0,0,0,0
21:57:24,0,0,0,0,0,0,0,0,0,0.0,0,0,0,0,0
21:57:25,0,0,0,0,0,0,0,0,0,0.0,0,0,0,0,0
21:57:26,0,0,0,0,0,0,0,0,0,0.0,0,0,0,0,0
21:57:27,0,0,0,0,0,0,0,0,0,0.0,0,0,0,0,0
21:57:28,0,0,0,0,0,0,0,0,0,0.0,0,0,0,0,0
21:57:29,0,0,0,0,0,0,0,0,0,0.0,0,0,0,0,0
21:57:30,0,0,0,0,0,0,0,0,0,0.0,0,0,0,0,0
21:57:31,0,0,0,0,0,0,0,0,0,0.0,0,0,0,0,0
21:57:32,0,0,0,0,0,0,0,0,0,0.0,0,0,0,0,0
21:57:33,0,0,0,0,0,0,0,0,0,0.0,0,0,0,0,0
21:57:34,45,6,23,10,4,6,12,1,1,0.6,8,2,4,38,3
21:57:35,0,0,0,0,0,0,0,0,0,0.0,0,0,0,0,0
21:57:36,0,0,0,0,0,0,0,0,0,0.0,0,0,0,0,0
21:57:37,0,0,0,0,0,0,0,0,0,0.0,0,0,0,0,0
21:57:38,0,0,0,0,0,0,0,0,0,0.0,0,0,0,0,0
21:57:39,0,0,0,0,0,0,0,0,0,0.0,0,0,0,0,0
21:57:40,0,0,0,0,0,0,0,0,0,0.0,0,0,0,0,0
21:57:41,0,0,0,0,0,0,0,0,0,0.0,0,0,0,0,0
21:57:42,0,0,0,0,0,0,0,0,0,0.0,0,0,0,0,0
21:57:43,0,0,0,0,0,0,0,0,0,0.0,0,0,0,0,0
21:57:44,0,0,0,0,0,0,0,0,0,0.0,0,0,0,0,0
21:57:45,0,0,0,0,0,0,0,0,0,0.0,0,0,0,0,0
21:57:46,0,0,0,0,0,0,0,0,0,0.0,0,0,0,0,0
21:57:47,0,0,0,0,0,0,0,0,0,0.0,0,0,0,0,0
21:57:48,0,0,0,0,0,0,0,0,0,0.0,0,0,0,0,0
21:57:49,0,0,0,0,0,0,0,0,0,0.0,0,0,0,0,0
21:57:50,0,0,0,0,0,0,0,0,0,0.0,0,0,0,0,0
21:57:51,0,0,0,0,0,0,0,0,0,0.0,0,0,0,0,0
21:57:52,0,0,0,0,0,0,0,0,0,0.0,0,0,0,0,0
21:57:53,0,0,0,0,0,0,0,0,0,0.0,0,0,0,0,0
21:57:54,0,0,0,0,0,0,0,0,0,0.0,0,0,0,0,0
21:57:55,0,0,0,0,0,0,0,0,0,0.0,0,0,0,0,0
21:57:56,0,0,0,0,0,0,0,0,0,0.0,0,0,0,0,0
21:57:57,0,0,0,0,0,0,0,0,0,0.0,0,0,0,0,0
21:57:58,0,0,0,0,0,0,0,0,0,0.0,0,0,0,0,0
21:57:59,0,0,0,0,0,0,0,0,0,0.0,0,0,0,0,0
21:58:00,0,0,0,0,0,0,0,0,0,0.0,0,0,0,0,0
21:58:01,0,0,0,0,0,0,0,0,0,0.0,0,0,0,0,0
21:58:02,0,0,0,0,0,0,0,0,0,0.0,0,0,0,0,0
21:58:03,0,0,0,0,0,0,0,0,0,0.0,0,0,0,0,0
21:58:04,0,0,0,0,0,0,0,0,0,0.0,0,0,0,0,0
21:58:05,60,2,38,10,3,6,26,3,0,0.219512195122,6,3,8,25,27
21:58:06,0,0,0,0,0,0,0,0,0,0.0,0,0,0,0,0
21:58:07,0,0,0,0,0,0,0,0,0,0.0,0,0,0,0,0
21:58:08,0,0,0,0,0,0,0,0,0,0.0,0,0,0,0,0
21:58:09,0,0,0,0,0,0,0,0,0,0.0,0,0,0,0,0
21:58:10,0,0,0,0,0,0,0,0,0,0.0,0,0,0,0,0
21:58:11,0,0,0,0,0,0,0,0,0,0.0,0,0,0,0,0
21:58:12,0,0,0,0,0,0,0,0,0,0.0,0,0,0,0,0
21:58:13,0,0,0,0,0,0,0,0,0,0.0,0,0,0,0,0
21:58:14,0,0,0,0,0,0,0,0,0,0.0,0,0,0,0,0
21:58:15,0,0,0,0,0,0,0,0,0,0.0,0,0,0,0,0
21:58:16,0,0,0,0,0,0,0,0,0,0.0,0,0,0,0,0
21:58:17,0,0,0,0,0,0,0,0,0,0.0,0,0,0,0,0
21:58:18,0,0,0,0,0,0,0,0,0,0.0,0,0,0,0,0
21:58:19,0,0,0,0,0,0,0,0,0,0.0,0,0,0,0,0
21:58:20,0,0,0,0,0,0,0,0,0,0.0,0,0,0,0,0
21:58:21,0,0,0,0,0,0,0,0,0,0.0,0,0,0,0,0
21:58:22,0,0,0,0,0,0,0,0,0,0.0,0,0,0,0,0
21:58:23,0,0,0,0,0,0,0,0,0,0.0,0,0,0,0,0
21:58:24,0,0,0,0,0,0,0,0,0,0.0,0,0,0,0,0
21:58:25,0,0,0,0,0,0,0,0,0,0.0,0,0,0,0,0
21:58:26,0,0,0,0,0,0,0,0,0,0.0,0,0,0,0,0
21:58:27,0,0,0,0,0,0,0,0,0,0.0,0,0,0,0,0
21:58:28,0,0,0,0,0,0,0,0,0,0.0,0,0,0,0,0
21:58:29,0,0,0,0,0,0,0,0,0,0.0,0,0,0,0,0
21:58:30,0,0,0,0,0,0,0,0,0,0.0,0,0,0,0,0
21:58:31,0,0,0,0,0,0,0,0,0,0.0,0,0,0,0,0
21:58:32,0,0,0,0,0,0,0,0,0,0.0,0,0,0,0,0
21:58:33,0,0,0,0,0,0,0,0,0,0.0,0,0,0,0,0
21:58:34,0,0,0,0,0,0,0,0,0,0.0,0,0,0,0,0
21:58:35,0,0,0,0,0,0,0,0,0,0.0,0,0,0,0,0
21:58:36,52,11,27,15,4,7,67,1,1,0.310344827586,5,2,14,35,3
21:58:37,0,0,0,0,0,0,0,0,0,0.0,0,0,0,0,0
21:58:38,0,0,0,0,0,0,0,0,0,0.0,0,0,0,0,0
21:58:39,0,0,0,0,0,0,0,0,0,0.0,0,0,0,0,0
21:58:40,0,0,0,0,0,0,0,0,0,0.0,0,0,0,0,0
21:58:41,0,0,0,0,0,0,0,0,0,0.0,0,0,0,0,0
21:58:42,0,0,0,0,0,0,0,0,0,0.0,0,0,0,0,0
21:58:43,0,0,0,0,0,0,0,0,0,0.0,0,0,0,0,0
21:58:44,0,0,0,0,0,0,0,0,0,0.0,0,0,0,0,0
21:58:45,0,0,0,0,0,0,0,0,0,0.0,0,0,0,0,0
21:58:46,0,0,0,0,0,0,0,0,0,0.0,0,0,0,0,0
21:58:47,0,0,0,0,0,0,0,0,0,0.0,0,0,0,0,0
21:58:48,0,0,0,0,0,0,0,0,0,0.0,0,0,0,0,0
21:58:49,0,0,0,0,0,0,0,0,0,0.0,0,0,0,0,0
21:58:50,0,0,0,0,0,0,0,0,0,0.0,0,0,0,0,0
21:58:51,0,0,0,0,0,0,0,0,0,0.0,0,0,0,0,0
21:58:52,0,0,0,0,0,0,0,0,0,0.0,0,0,0,0,0
21:58:53,0,0,0,0,0,0,0,0,0,0.0,0,0,0,0,0
21:58:54,0,0,0,0,0,0,0,0,0,0.0,0,0,0,0,0
21:58:55,0,0,0,0,0,0,0,0,0,0.0,0,0,0,0,0
21:58:56,0,0,0,0,0,0,0,0,0,0.0,0,0,0,0,0
21:58:57,0,0,0,0,0,0,0,0,0,0.0,0,0,0,0,0
21:58:58,0,0,0,0,0,0,0,0,0,0.0,0,0,0,0,0
21:58:59,0,0,0,0,0,0,0,0,0,0.0,0,0,0,0,0
21:59:00,0,0,0,0,0,0,0,0,0,0.0,0,0,0,0,0
21:59:01,0,0,0,0,0,0,0,0,0,0.0,0,0,0,0,0
21:59:02,0,0,0,0,0,0,0,0,0,0.0,0,0,0,0,0
21:59:03,0,0,0,0,0,0,0,0,0,0.0,0,0,0,0,0
21:59:04,0,0,0,0,0,0,0,0,0,0.0,0,0,0,0,0
21:59:05,0,0,0,0,0,0,0,0,0,0.0,0,0,0,0,0
21:59:06,0,0,0,0,0,0,0,0,0,0.0,0,0,0,0,0
21:59:07,28,6,9,14,3,6,67,0,1,0.7,7,1,6,20,2
21:59:08,0,0,0,0,0,0,0,0,0,0.0,0,0,0,0,0
21:59:09,0,0,0,0,0,0,0,0,0,0.0,0,0,0,0,0
21:59:10,0,0,0,0,0,0,0,0,0,0.0,0,0,0,0,0
21:59:11,0,0,0,0,0,0,0,0,0,0.0,0,0,0,0,0
21:59:12,0,0,0,0,0,0,0,0,0,0.0,0,0,0,0,0
21:59:13,0,0,0,0,0,0,0,0,0,0.0,0,0,0,0,0
21:59:14,0,0,0,0,0,0,0,0,0,0.0,0,0,0,0,0
21:59:15,0,0,0,0,0,0,0,0,0,0.0,0,0,0,0,0
21:59:16,0,0,0,0,0,0,0,0,0,0.0,0,0,0,0,0
21:59:17,0,0,0,0,0,0,0,0,0,0.0,0,0,0,0,0
21:59:18,0,0,0,0,0,0,0,0,0,0.0,0,0,0,0,0
21:59:19,0,0,0,0,0,0,0,0,0,0.0,0,0,0,0,0
21:59:20,0,0,0,0,0,0,0,0,0,0.0,0,0,0,0,0
21:59:21,0,0,0,0,0,0,0,0,0,0.0,0,0,0,0,0
21:59:22,0,0,0,0,0,0,0,0,0,0.0,0,0,0,0,0
21:59:23,0,0,0,0,0,0,0,0,0,0.0,0,0,0,0,0
21:59:24,0,0,0,0,0,0,0,0,0,0.0,0,0,0,0,0
21:59:25,0,0,0,0,0,0,0,0,0,0.0,0,0,0,0,0
21:59:26,0,0,0,0,0,0,0,0,0,0.0,0,0,0,0,0
21:59:27,0,0,0,0,0,0,0,0,0,0.0,0,0,0,0,0
21:59:28,0,0,0,0,0,0,0,0,0,0.0,0,0,0,0,0
21:59:29,0,0,0,0,0,0,0,0,0,0.0,0,0,0,0,0
21:59:30,0,0,0,0,0,0,0,0,0,0.0,0,0,0,0,0
21:59:31,0,0,0,0,0,0,0,0,0,0.0,0,0,0,0,0
21:59:32,0,0,0,0,0,0,0,0,0,0.0,0,0,0,0,0
21:59:33,0,0,0,0,0,0,0,0,0,0.0,0,0,0,0,0
21:59:34,0,0,0,0,0,0,0,0,0,0.0,0,0,0,0,0
21:59:35,0,0,0,0,0,0,0,0,0,0.0,0,0,0,0,0
21:59:36,0,0,0,0,0,0,0,0,0,0.0,0,0,0,0,0
21:59:37,49,2,29,12,4,7,77,1,0,0.166666666667,5,1,4,42,3
21:59:38,0,0,0,0,0,0,0,0,0,0.0,0,0,0,0,0
21:59:39,0,0,0,0,0,0,0,0,0,0.0,0,0,0,0,0
21:59:40,0,0,0,0,0,0,0,0,0,0.0,0,0,0,0,0
21:59:41,0,0,0,0,0,0,0,0,0,0.0,0,0,0,0,0
21:59:42,0,0,0,0,0,0,0,0,0,0.0,0,0,0,0,0
21:59:43,0,0,0,0,0,0,0,0,0,0.0,0,0,0,0,0
21:59:44,0,0,0,0,0,0,0,0,0,0.0,0,0,0,0,0
21:59:45,0,0,0,0,0,0,0,0,0,0.0,0,0,0,0,0
21:59:46,0,0,0,0,0,0,0,0,0,0.0,0,0,0,0,0
21:59:47,0,0,0,0,0,0,0,0,0,0.0,0,0,0,0,0
21:59:48,0,0,0,0,0,0,0,0,0,0.0,0,0,0,0,0
21:59:49,0,0,0,0,0,0,0,0,0,0.0,0,0,0,0,0
21:59:50,0,0,0,0,0,0,0,0,0,0.0,0,0,0,0,0
21:59:51,0,0,0,0,0,0,0,0,0,0.0,0,0,0,0,0
21:59:52,0,0,0,0,0,0,0,0,0,0.0,0,0,0,0,0
21:59:53,0,0,0,0,0,0,0,0,0,0.0,0,0,0,0,0
21:59:54,0,0,0,0,0,0,0,0,0,0.0,0,0,0,0,0
21:59:55,0,0,0,0,0,0,0,0,0,0.0,0,0,0,0,0
21:59:56,0,0,0,0,0,0,0,0,0,0.0,0,0,0,0,0
21:59:57,0,0,0,0,0,0,0,0,0,0.0,0,0,0,0,0
21:59:58,0,0,0,0,0,0,0,0,0,0.0,0,0,0,0,0
21:59:59,0,0,0,0,0,0,0,0,0,0.0,0,0,0,0,0
